identifier,HWRC,transportType,accessAllowed,openingHours,permitRequired,bookingRequired,bookingURL,maxHeight,maxLength,maxWidth,maxWeight,trailerCombinedWith,dateUpdated
,hwrc-eng-gmca-gb3907hj,hwrc-trans-01,1,Mo-Sa 08:00-20:00; Su 10:00-16:00; PH 10:00-16:00,0,0,,2.0 m,,,,,24/09/2021
,hwrc-eng-gmca-gb3907hj,hwrc-trans-02,1,Mo-Sa 07:00-17:00; Su 10:00-16:00; PH 10:00-16:00,0,0,,,,,,,24/09/2021
,hwrc-eng-gmca-gb3907hj,hwrc-trans-03,,,,,,,1.8 m,,,,11/10/2021
,hwrc-eng-gmca-gb3907hj,hwrc-trans-04,,,,,,,,,,,11/10/2021
,hwrc-eng-gmca-gb3907hj,hwrc-trans-05,0,,,,,,,,,,24/09/2021
,hwrc-eng-gmca-gb3907th,hwrc-trans-01,1,,0,0,,2.0 m,,,,,24/09/2021
,hwrc-eng-gmca-gb3907th,hwrc-trans-02,0,,,,,,,,,,24/09/2021
,hwrc-eng-gmca-gb3907th,hwrc-trans-03,,,,,,,1.8 m,,,,11/10/2021
,hwrc-eng-gmca-gb3907th,hwrc-trans-04,,,,,,,,,,,11/10/2021
,hwrc-eng-gmca-gb3907th,hwrc-trans-05,0,,,,,,,,,,24/09/2021
,hwrc-eng-gmca-gb3907kb,hwrc-trans-01,1,Mo-Su 08:00-20:00,0,0,,2.0 m,,,,,24/09/2021
,hwrc-eng-gmca-gb3907kb,hwrc-trans-02,1,Mo-Fr 07:30-17:00; Sa 08:00-13:00; Su off; PH 10:00-17:00,0,0,,,,,,,24/09/2021
,hwrc-eng-gmca-gb3907kb,hwrc-trans-03,,,,,,,1.8 m,,,,11/10/2021
,hwrc-eng-gmca-gb3907kb,hwrc-trans-04,,,,,,,,,,,11/10/2021
,hwrc-eng-gmca-gb3907kb,hwrc-trans-05,0,,,,,,,,,,24/09/2021
,hwrc-eng-gmca-gb3907uf,hwrc-trans-01,1,,0,0,,2.0 m,,,,,24/09/2021
,hwrc-eng-gmca-gb3907uf,hwrc-trans-02,0,,,,,,,,,,24/09/2021
,hwrc-eng-gmca-gb3907uf,hwrc-trans-03,,,,,,,1.8 m,,,,11/10/2021
,hwrc-eng-gmca-gb3907uf,hwrc-trans-04,,,,,,,,,,,11/10/2021
,hwrc-eng-gmca-gb3907uf,hwrc-trans-05,0,,,,,,,,,,24/09/2021
,hwrc-eng-gmca-hb3001hw,hwrc-trans-01,1,Mo-Su 08:00-20:00,0,0,,2.0 m,,,,,24/09/2021
,hwrc-eng-gmca-hb3001hw,hwrc-trans-02,1,Mo-Fr 07:00-18:00; Sa-Su 07:00-17:00; PH 07:00-18:00,0,0,,,,,,,24/09/2021
,hwrc-eng-gmca-hb3001hw,hwrc-trans-03,,,,,,,1.8 m,,,,11/10/2021
,hwrc-eng-gmca-hb3001hw,hwrc-trans-04,,,,,,,,,,,11/10/2021
,hwrc-eng-gmca-hb3001hw,hwrc-trans-05,0,,,,,,,,,,24/09/2021
,hwrc-eng-gmca-gb3907xn,hwrc-trans-01,1,,0,0,,2.0 m,,,,,24/09/2021
,hwrc-eng-gmca-gb3907xn,hwrc-trans-02,0,,,,,,,,,,24/09/2021
,hwrc-eng-gmca-gb3907xn,hwrc-trans-03,,,,,,,1.8 m,,,,11/10/2021
,hwrc-eng-gmca-gb3907xn,hwrc-trans-04,,,,,,,,,,,11/10/2021
,hwrc-eng-gmca-gb3907xn,hwrc-trans-05,0,,,,,,,,,,24/09/2021
,hwrc-eng-gmca-hb3001gv,hwrc-trans-01,1,,0,0,,2.0 m,,,,,24/09/2021
,hwrc-eng-gmca-hb3001gv,hwrc-trans-02,0,,,,,,,,,,24/09/2021
,hwrc-eng-gmca-hb3001gv,hwrc-trans-03,,,,,,,1.8 m,,,,11/10/2021
,hwrc-eng-gmca-hb3001gv,hwrc-trans-04,,,,,,,,,,,11/10/2021
,hwrc-eng-gmca-hb3001gv,hwrc-trans-05,0,,,,,,,,,,24/09/2021
,hwrc-eng-gmca-gb3907ls,hwrc-trans-01,1,Mo-Su 08:00-20:00,0,0,,2.0 m,,,,,24/09/2021
,hwrc-eng-gmca-gb3907ls,hwrc-trans-02,1,Mo-Fr 07:00-18:00; Sa-Su 07:00-17:00; PH 07:00-18:00,0,0,,,,,,,24/09/2021
,hwrc-eng-gmca-gb3907ls,hwrc-trans-03,,,,,,,1.8 m,,,,11/10/2021
,hwrc-eng-gmca-gb3907ls,hwrc-trans-04,,,,,,,,,,,11/10/2021
,hwrc-eng-gmca-gb3907ls,hwrc-trans-05,0,,,,,,,,,,24/09/2021
,hwrc-eng-gmca-gb3907ml,hwrc-trans-01,1,Mo-Su 08:00-20:00,0,0,,2.0 m,,,,,24/09/2021
,hwrc-eng-gmca-gb3907ml,hwrc-trans-02,1,,,,,,,,,,24/09/2021
,hwrc-eng-gmca-gb3907ml,hwrc-trans-03,,,,,,,1.8 m,,,,11/10/2021
,hwrc-eng-gmca-gb3907ml,hwrc-trans-04,,,,,,,,,,,11/10/2021
,hwrc-eng-gmca-gb3907ml,hwrc-trans-05,0,,,,,,,,,,24/09/2021
,hwrc-eng-gmca-gb3908cr,hwrc-trans-01,1,,0,0,,2.0 m,,,,,24/09/2021
,hwrc-eng-gmca-gb3908cr,hwrc-trans-02,0,,,,,,,,,,24/09/2021
,hwrc-eng-gmca-gb3908cr,hwrc-trans-03,,,,,,,1.8 m,,,,11/10/2021
,hwrc-eng-gmca-gb3908cr,hwrc-trans-04,,,,,,,,,,,11/10/2021
,hwrc-eng-gmca-gb3908cr,hwrc-trans-05,0,,,,,,,,,,24/09/2021
,hwrc-eng-gmca-gb3908fj,hwrc-trans-01,1,,0,0,,2.0 m,,,,,24/09/2021
,hwrc-eng-gmca-gb3908fj,hwrc-trans-02,0,,,,,,,,,,24/09/2021
,hwrc-eng-gmca-gb3908fj,hwrc-trans-03,,,,,,,1.8 m,,,,11/10/2021
,hwrc-eng-gmca-gb3908fj,hwrc-trans-04,,,,,,,,,,,11/10/2021
,hwrc-eng-gmca-gb3908fj,hwrc-trans-05,0,,,,,,,,,,24/09/2021
,hwrc-eng-gmca-gb3908gq,hwrc-trans-01,1,,0,0,,2.0 m,,,,,24/09/2021
,hwrc-eng-gmca-gb3908gq,hwrc-trans-02,0,,,,,,,,,,24/09/2021
,hwrc-eng-gmca-gb3908gq,hwrc-trans-03,,,,,,,1.8 m,,,,11/10/2021
,hwrc-eng-gmca-gb3908gq,hwrc-trans-04,,,,,,,,,,,11/10/2021
,hwrc-eng-gmca-gb3908gq,hwrc-trans-05,0,,,,,,,,,,24/09/2021
,hwrc-eng-gmca-gb3907cw,hwrc-trans-01,1,Mo-Su 08:00-20:00,0,0,,2.0 m,,,,,24/09/2021
,hwrc-eng-gmca-gb3907cw,hwrc-trans-02,1,Mo-Fr 07:00-17:00; Sa 07:00-13:00; Su off; PH 07:00-17:00,0,0,,,,,,,24/09/2021
,hwrc-eng-gmca-gb3907cw,hwrc-trans-03,,,,,,,1.8 m,,,,11/10/2021
,hwrc-eng-gmca-gb3907cw,hwrc-trans-04,,,,,,,,,,,11/10/2021
,hwrc-eng-gmca-gb3907cw,hwrc-trans-05,0,,,,,,,,,,24/09/2021
,hwrc-eng-gmca-gb3908hp,hwrc-trans-01,1,,0,0,,2.0 m,,,,,24/09/2021
,hwrc-eng-gmca-gb3908hp,hwrc-trans-02,0,,,,,,,,,,24/09/2021
,hwrc-eng-gmca-gb3908hp,hwrc-trans-03,,,,,,,1.8 m,,,,11/10/2021
,hwrc-eng-gmca-gb3908hp,hwrc-trans-04,,,,,,,,,,,11/10/2021
,hwrc-eng-gmca-gb3908hp,hwrc-trans-05,0,,,,,,,,,,24/09/2021
,hwrc-eng-gmca-gb3907fd,hwrc-trans-01,1,Mo-Su 08:00-20:00,0,0,,2.0 m,,,,,24/09/2021
,hwrc-eng-gmca-gb3907fd,hwrc-trans-02,1,Mo-Fr 07:00-18:00; Sa-Su 07:00-17:00; PH 07:00-18:00,0,0,,,,,,,24/09/2021
,hwrc-eng-gmca-gb3907fd,hwrc-trans-03,,,,,,,1.8 m,,,,11/10/2021
,hwrc-eng-gmca-gb3907fd,hwrc-trans-04,,,,,,,,,,,11/10/2021
,hwrc-eng-gmca-gb3907fd,hwrc-trans-05,0,,,,,,,,,,24/09/2021
,hwrc-eng-gmca-gb3908kl,hwrc-trans-01,1,,0,0,,2.0 m,,,,,24/09/2021
,hwrc-eng-gmca-gb3908kl,hwrc-trans-02,0,,,,,,,,,,24/09/2021
,hwrc-eng-gmca-gb3908kl,hwrc-trans-03,,,,,,,1.8 m,,,,11/10/2021
,hwrc-eng-gmca-gb3908kl,hwrc-trans-04,,,,,,,,,,,11/10/2021
,hwrc-eng-gmca-gb3908kl,hwrc-trans-05,0,,,,,,,,,,24/09/2021
,hwrc-eng-gmca-gb3907st,hwrc-trans-01,1,Mo-Su 08:00-20:00,0,0,,2.0 m,,,,,24/09/2021
,hwrc-eng-gmca-gb3907st,hwrc-trans-02,1,Mo-Fr 07:00-17:00; Sa 07:00-13:00; Su off; PH 07:00-17:00,0,0,,,,,,,24/09/2021
,hwrc-eng-gmca-gb3907st,hwrc-trans-03,,,,,,,1.8 m,,,,11/10/2021
,hwrc-eng-gmca-gb3907st,hwrc-trans-04,,,,,,,,,,,11/10/2021
,hwrc-eng-gmca-gb3907st,hwrc-trans-05,0,,,,,,,,,,24/09/2021
,hwrc-eng-gmca-gb3908lm,hwrc-trans-01,1,,0,0,,2.0 m,,,,,24/09/2021
,hwrc-eng-gmca-gb3908lm,hwrc-trans-02,0,,,,,,,,,,24/09/2021
,hwrc-eng-gmca-gb3908lm,hwrc-trans-03,,,,,,,1.8 m,,,,11/10/2021
,hwrc-eng-gmca-gb3908lm,hwrc-trans-04,,,,,,,,,,,11/10/2021
,hwrc-eng-gmca-gb3908lm,hwrc-trans-05,0,,,,,,,,,,24/09/2021
,hwrc-eng-gmca-gb3908mu,hwrc-trans-01,1,,0,0,,2.0 m,,,,,24/09/2021
,hwrc-eng-gmca-gb3908mu,hwrc-trans-02,0,,,,,,,,,,24/09/2021
,hwrc-eng-gmca-gb3908mu,hwrc-trans-03,,,,,,,1.8 m,,,,11/10/2021
,hwrc-eng-gmca-gb3908mu,hwrc-trans-04,,,,,,,,,,,11/10/2021
,hwrc-eng-gmca-gb3908mu,hwrc-trans-05,0,,,,,,,,,,24/09/2021
,hwrc-eng-gmca-gb3908tc,hwrc-trans-01,1,,0,0,,2.0 m,,,,,24/09/2021
,hwrc-eng-gmca-gb3908tc,hwrc-trans-02,0,,,,,,,,,,24/09/2021
,hwrc-eng-gmca-gb3908tc,hwrc-trans-03,,,,,,1.8 m,,,,,11/10/2021
,hwrc-eng-gmca-gb3908tc,hwrc-trans-04,,,,,,,,,,,11/10/2021
,hwrc-eng-gmca-gb3908tc,hwrc-trans-05,0,,,,,,,,,,24/09/2021
,hwrc-eng-dev-ep3396hr,hwrc-trans-01,1,,,0,,2.0 m,,,,,24/09/2021
,hwrc-eng-dev-ep3396hr,hwrc-trans-02,1,,,0,,3.0 m,6.0 m,,3.5 t,,24/09/2021
,hwrc-eng-dev-ep3396hr,hwrc-trans-03,1,,,,,,1.8 m,,,hwrc-trans-01,11/10/2021
,hwrc-eng-dev-ep3396hr,hwrc-trans-04,1,,,,,,3.0 m,,,hwrc-trans-01,11/10/2021
,hwrc-eng-dev-ep3396hr,hwrc-trans-05,0,,,,,,,,,,24/09/2021
,hwrc-eng-dev-jp3391hn,hwrc-trans-01,1,,,0,,2.0 m,,,,,24/09/2021
,hwrc-eng-dev-jp3391hn,hwrc-trans-02,1,,,0,,3.0 m,6.0 m,,3.5 t,,24/09/2021
,hwrc-eng-dev-jp3391hn,hwrc-trans-03,1,,,,,,1.8 m,,,hwrc-trans-01,11/10/2021
,hwrc-eng-dev-jp3391hn,hwrc-trans-04,1,,,,,,3.0 m,,,hwrc-trans-01,11/10/2021
,hwrc-eng-dev-jp3391hn,hwrc-trans-05,0,,,,,,,,,,24/09/2021
,hwrc-eng-dev-bp3097hc,hwrc-trans-01,1,,,0,,2.0 m,,,,,24/09/2021
,hwrc-eng-dev-bp3097hc,hwrc-trans-02,1,,,0,,3.0 m,6.0 m,,3.5 t,,24/09/2021
,hwrc-eng-dev-bp3097hc,hwrc-trans-03,1,,,,,,1.8 m,,,hwrc-trans-01,11/10/2021
,hwrc-eng-dev-bp3097hc,hwrc-trans-04,1,,,,,,3.0 m,,,hwrc-trans-01,11/10/2021
,hwrc-eng-dev-bp3097hc,hwrc-trans-05,1,,,,,,,,,,24/09/2021
,hwrc-eng-dev-jp3691hd,hwrc-trans-01,1,,,0,https://www.eventbrite.co.uk/e/brunel-road-hwrc-van-booking-free-service-tickets-157587720113,2.0 m,,,,,24/09/2021
,hwrc-eng-dev-jp3691hd,hwrc-trans-02,1,,,1,https://www.eventbrite.co.uk/e/brunel-road-hwrc-van-booking-free-service-tickets-157587720113,3.0 m,6.0 m,,3.5 t,,24/09/2021
,hwrc-eng-dev-jp3691hd,hwrc-trans-03,1,,,1,https://www.eventbrite.co.uk/e/brunel-road-hwrc-van-booking-free-service-tickets-157587720113,,1.8 m,,,hwrc-trans-01,11/10/2021
,hwrc-eng-dev-jp3691hd,hwrc-trans-04,1,,,1,https://www.eventbrite.co.uk/e/brunel-road-hwrc-van-booking-free-service-tickets-157587720113,,3.0 m,,,hwrc-trans-01,11/10/2021
,hwrc-eng-dev-jp3691hd,hwrc-trans-05,0,,,,,,,,,,24/09/2021
,hwrc-eng-dev-eb3738rg,hwrc-trans-01,1,,,0,,2.0 m,,,,,24/09/2021
,hwrc-eng-dev-eb3738rg,hwrc-trans-02,1,,,0,,3.0 m,6.0 m,,3.5 t,,24/09/2021
,hwrc-eng-dev-eb3738rg,hwrc-trans-03,1,,,,,,1.8 m,,,hwrc-trans-01,11/10/2021
,hwrc-eng-dev-eb3738rg,hwrc-trans-04,1,,,,,,3.0 m,,,hwrc-trans-01,11/10/2021
,hwrc-eng-dev-eb3738rg,hwrc-trans-05,0,,,,,,,,,,24/09/2021
,hwrc-eng-dev-jb3107lz,hwrc-trans-01,1,,,0,,2.0 m,,,,,24/09/2021
,hwrc-eng-dev-jb3107lz,hwrc-trans-02,1,,,0,,3.0 m,6.0 m,,3.5 t,,24/09/2021
,hwrc-eng-dev-jb3107lz,hwrc-trans-03,1,,,,,,1.8 m,,,hwrc-trans-01,11/10/2021
,hwrc-eng-dev-jb3107lz,hwrc-trans-04,1,,,,,,3.0 m,,,hwrc-trans-01,11/10/2021
,hwrc-eng-dev-jb3107lz,hwrc-trans-05,0,,,,,,,,,,24/09/2021
,hwrc-eng-dev-eb3739dr,hwrc-trans-01,1,,,0,https://www.eventbrite.co.uk/e/exton-road-hwrc-van-booking-free-service-tickets-157585631867,2.0 m,,,,,24/09/2021
,hwrc-eng-dev-eb3739dr,hwrc-trans-02,1,,,1,https://www.eventbrite.co.uk/e/exton-road-hwrc-van-booking-free-service-tickets-157585631867,3.0 m,6.0 m,,3.5 t,,24/09/2021
,hwrc-eng-dev-eb3739dr,hwrc-trans-03,1,,,1,https://www.eventbrite.co.uk/e/exton-road-hwrc-van-booking-free-service-tickets-157585631867,,1.8 m,,,hwrc-trans-01,11/10/2021
,hwrc-eng-dev-eb3739dr,hwrc-trans-04,1,,,1,https://www.eventbrite.co.uk/e/exton-road-hwrc-van-booking-free-service-tickets-157585631867,,3.0 m,,,hwrc-trans-01,11/10/2021
,hwrc-eng-dev-eb3739dr,hwrc-trans-05,1,,,,,,,,,,24/09/2021
,hwrc-eng-dev-cb3309me,hwrc-trans-01,1,,,0,,2.0 m,,,,,24/09/2021
,hwrc-eng-dev-cb3309me,hwrc-trans-02,1,,,0,,3.0 m,6.0 m,,3.5 t,,24/09/2021
,hwrc-eng-dev-cb3309me,hwrc-trans-03,1,,,,,,1.8 m,,,hwrc-trans-01,11/10/2021
,hwrc-eng-dev-cb3309me,hwrc-trans-04,1,,,,,,3.0 m,,,hwrc-trans-01,11/10/2021
,hwrc-eng-dev-cb3309me,hwrc-trans-05,0,,,,,,,,,,24/09/2021
,hwrc-eng-dev-hp3491hn,hwrc-trans-01,1,,,0,,2.0 m,,,,,24/09/2021
,hwrc-eng-dev-hp3491hn,hwrc-trans-02,1,,,0,,3.0 m,6.0 m,,3.5 t,,24/09/2021
,hwrc-eng-dev-hp3491hn,hwrc-trans-03,1,,,,,,1.8 m,,,hwrc-trans-01,11/10/2021
,hwrc-eng-dev-hp3491hn,hwrc-trans-04,1,,,,,,3.0 m,,,hwrc-trans-01,11/10/2021
,hwrc-eng-dev-hp3491hn,hwrc-trans-05,0,,,,,,,,,,24/09/2021
,hwrc-eng-dev-pp3591hp,hwrc-trans-01,1,,,0,,2.0 m,,,,,24/09/2021
,hwrc-eng-dev-pp3591hp,hwrc-trans-02,1,,,0,,3.0 m,6.0 m,,3.5 t,,24/09/2021
,hwrc-eng-dev-pp3591hp,hwrc-trans-03,1,,,,,,1.8 m,,,hwrc-trans-01,11/10/2021
,hwrc-eng-dev-pp3591hp,hwrc-trans-04,1,,,,,,3.0 m,,,hwrc-trans-01,11/10/2021
,hwrc-eng-dev-pp3591hp,hwrc-trans-05,0,,,,,,,,,,24/09/2021
,hwrc-eng-dev-hp3991hp,hwrc-trans-01,1,,,0,,2.0 m,,,,,24/09/2021
,hwrc-eng-dev-hp3991hp,hwrc-trans-02,1,,,0,,3.0 m,6.0 m,,3.5 t,,24/09/2021
,hwrc-eng-dev-hp3991hp,hwrc-trans-03,1,,,,,,1.8 m,,,hwrc-trans-01,11/10/2021
,hwrc-eng-dev-hp3991hp,hwrc-trans-04,0,,,,,,,,,,11/10/2021
,hwrc-eng-dev-hp3991hp,hwrc-trans-05,0,,,,,,,,,,24/09/2021
,hwrc-eng-dev-jp3991hs,hwrc-trans-01,1,,,0,,2.0 m,,,,,24/09/2021
,hwrc-eng-dev-jp3991hs,hwrc-trans-02,1,,,0,,3.0 m,6.0 m,,3.5 t,,24/09/2021
,hwrc-eng-dev-jp3991hs,hwrc-trans-03,1,,,,,,1.8 m,,,hwrc-trans-01,11/10/2021
,hwrc-eng-dev-jp3991hs,hwrc-trans-04,1,,,,,,3.0 m,,,hwrc-trans-01,11/10/2021
,hwrc-eng-dev-jp3991hs,hwrc-trans-05,0,,,,,,,,,,24/09/2021
,hwrc-eng-dev-ap3796ed,hwrc-trans-01,1,,,,https://www.eventbrite.co.uk/e/pinbrook-road-hwrc-van-booking-free-service-tickets-157588004965,2.0 m,,,,,24/09/2021
,hwrc-eng-dev-ap3796ed,hwrc-trans-02,1,,,1,https://www.eventbrite.co.uk/e/pinbrook-road-hwrc-van-booking-free-service-tickets-157588004965,3.0 m,6.0 m,,3.5 t,,24/09/2021
,hwrc-eng-dev-ap3796ed,hwrc-trans-03,1,,,1,https://www.eventbrite.co.uk/e/pinbrook-road-hwrc-van-booking-free-service-tickets-157588004965,,1.8 m,,,hwrc-trans-01,11/10/2021
,hwrc-eng-dev-ap3796ed,hwrc-trans-04,1,,,1,https://www.eventbrite.co.uk/e/pinbrook-road-hwrc-van-booking-free-service-tickets-157588004965,,3.0 m,,,hwrc-trans-01,11/10/2021
,hwrc-eng-dev-ap3796ed,hwrc-trans-05,1,,,,,,,,,,24/09/2021
,hwrc-eng-dev-eb3739rt,hwrc-trans-01,1,,,0,,2.0 m,,,,,24/09/2021
,hwrc-eng-dev-eb3739rt,hwrc-trans-02,1,,,0,,3.0 m,6.0 m,,3.5 t,,24/09/2021
,hwrc-eng-dev-eb3739rt,hwrc-trans-03,1,,,,,,1.8 m,,,hwrc-trans-01,11/10/2021
,hwrc-eng-dev-eb3739rt,hwrc-trans-04,1,,,,,,3.0 m,,,hwrc-trans-01,11/10/2021
,hwrc-eng-dev-eb3739rt,hwrc-trans-05,0,,,,,,,,,,24/09/2021
,hwrc-eng-dev-eb3739av,hwrc-trans-01,1,,,0,,2.0 m,,,,,24/09/2021
,hwrc-eng-dev-eb3739av,hwrc-trans-02,1,,,0,,3.0 m,6.0 m,,3.5 t,,24/09/2021
,hwrc-eng-dev-eb3739av,hwrc-trans-03,1,,,,,,1.8 m,,,hwrc-trans-01,11/10/2021
,hwrc-eng-dev-eb3739av,hwrc-trans-04,1,,,,,,3.0 m,,,hwrc-trans-01,11/10/2021
,hwrc-eng-dev-eb3739av,hwrc-trans-05,0,,,,,,,,,,24/09/2021
,hwrc-eng-dev-kb3136ry,hwrc-trans-01,1,,,0,,2.0 m,,,,,24/09/2021
,hwrc-eng-dev-kb3136ry,hwrc-trans-02,1,,,0,,3.0 m,6.0 m,,3.5 t,,24/09/2021
,hwrc-eng-dev-kb3136ry,hwrc-trans-03,1,,,,,,1.8 m,,,hwrc-trans-01,11/10/2021
,hwrc-eng-dev-kb3136ry,hwrc-trans-04,1,,,,,,3.0 m,,,hwrc-trans-01,11/10/2021
,hwrc-eng-dev-kb3136ry,hwrc-trans-05,0,,,,,,,,,,24/09/2021
,hwrc-eng-dev-ep3991hy,hwrc-trans-01,1,,,0,,2.0 m,,,,,24/09/2021
,hwrc-eng-dev-ep3991hy,hwrc-trans-02,1,,,0,,3.0 m,6.0 m,,3.5 t,,24/09/2021
,hwrc-eng-dev-ep3991hy,hwrc-trans-03,1,,,,,,1.8 m,,,hwrc-trans-01,11/10/2021
,hwrc-eng-dev-ep3991hy,hwrc-trans-04,1,,,,,,3.0 m,,,hwrc-trans-01,11/10/2021
,hwrc-eng-dev-ep3991hy,hwrc-trans-05,0,,,,,,,,,,24/09/2021
,hwrc-eng-dev-jp3491hv,hwrc-trans-01,1,,,0,,2.0 m,,,,,24/09/2021
,hwrc-eng-dev-jp3491hv,hwrc-trans-02,1,,,0,,3.0 m,6.0 m,,3.5 t,,24/09/2021
,hwrc-eng-dev-jp3491hv,hwrc-trans-03,1,,,,,,1.8 m,,,hwrc-trans-01,11/10/2021
,hwrc-eng-dev-jp3491hv,hwrc-trans-04,1,,,,,,3.0 m,,,hwrc-trans-01,11/10/2021
,hwrc-eng-dev-jp3491hv,hwrc-trans-05,0,,,,,,,,,,24/09/2021
,hwrc-eng-dev-jp3091hk,hwrc-trans-01,1,,,0,,2.0 m,,,,,24/09/2021
,hwrc-eng-dev-jp3091hk,hwrc-trans-02,1,,,0,,3.0 m,6.0 m,,3.5 t,,24/09/2021
,hwrc-eng-dev-jp3091hk,hwrc-trans-03,1,,,,,,1.8 m,,,hwrc-trans-01,11/10/2021
,hwrc-eng-dev-jp3091hk,hwrc-trans-04,1,,,,,,3.0 m,,,hwrc-trans-01,11/10/2021
,hwrc-eng-dev-jp3091hk,hwrc-trans-05,1,,,,,,,,,,24/09/2021
,hwrc-eng-som-fp3990fa,hwrc-trans-01,1,,0,0,,2.0 m,,,,,1/10/2021
,hwrc-eng-som-fp3990fa,hwrc-trans-02,1,,1,0,,,,,3.5 t,,1/10/2021
,hwrc-eng-som-fp3990fa,hwrc-trans-03,1,,1,0,,,1.8 m,,,hwrc-trans-01,11/10/2021
,hwrc-eng-som-fp3990fa,hwrc-trans-04,1,,1,0,,,3.0 m,,,hwrc-trans-01,11/10/2021
,hwrc-eng-som-fp3990fa,hwrc-trans-05,0,,,,,,,,,,1/10/2021
,hwrc-eng-som-qp3193fr,hwrc-trans-01,1,,0,0,,2.0 m,3.0 m,,,,1/10/2021
,hwrc-eng-som-qp3193fr,hwrc-trans-02,1,,1,0,,,,,3.5 t,,1/10/2021
,hwrc-eng-som-qp3193fr,hwrc-trans-03,1,,1,0,,,1.8 m,,,hwrc-trans-01,11/10/2021
,hwrc-eng-som-qp3193fr,hwrc-trans-04,1,,1,0,,,3.0 m,,,hwrc-trans-01,11/10/2021
,hwrc-eng-som-qp3193fr,hwrc-trans-05,0,,,,,,,,,,1/10/2021
,hwrc-eng-som-dp3990vk,hwrc-trans-01,1,,0,0,,2.0 m,,,,,1/10/2021
,hwrc-eng-som-dp3990vk,hwrc-trans-02,1,,1,0,,,,,3.5 t,,1/10/2021
,hwrc-eng-som-dp3990vk,hwrc-trans-03,1,,1,0,,,1.8 m,,,hwrc-trans-01,11/10/2021
,hwrc-eng-som-dp3990vk,hwrc-trans-04,1,,1,0,,,3.0 m,,,hwrc-trans-01,11/10/2021
,hwrc-eng-som-dp3990vk,hwrc-trans-05,1,,0,0,,,,,,,1/10/2021
,hwrc-eng-som-fp3390fx,hwrc-trans-01,1,,0,0,,2.0 m,,,,,1/10/2021
,hwrc-eng-som-fp3390fx,hwrc-trans-02,1,,1,0,,,,,3.5 t,,1/10/2021
,hwrc-eng-som-fp3390fx,hwrc-trans-03,1,,1,0,,,1.8 m,,,hwrc-trans-01,11/10/2021
,hwrc-eng-som-fp3390fx,hwrc-trans-04,1,,1,0,,,3.0 m,,,hwrc-trans-01,11/10/2021
,hwrc-eng-som-fp3390fx,hwrc-trans-05,1,,0,0,,,,,,,1/10/2021
,hwrc-eng-som-ep3893fy,hwrc-trans-01,1,,0,0,,2.0 m,,,,,1/10/2021
,hwrc-eng-som-ep3893fy,hwrc-trans-02,1,,1,0,,,,,3.5 t,,1/10/2021
,hwrc-eng-som-ep3893fy,hwrc-trans-03,1,,1,0,,,1.8 m,,,hwrc-trans-01,11/10/2021
,hwrc-eng-som-ep3893fy,hwrc-trans-04,1,,1,0,,,3.0 m,,,hwrc-trans-01,11/10/2021
,hwrc-eng-som-ep3893fy,hwrc-trans-05,0,,,,,,,,,,1/10/2021
,hwrc-eng-som-bp3391hx,hwrc-trans-01,1,,0,0,,2.0 m,,,,,1/10/2021
,hwrc-eng-som-bp3391hx,hwrc-trans-02,1,,1,0,,,,,3.5 t,,1/10/2021
,hwrc-eng-som-bp3391hx,hwrc-trans-03,1,,1,0,,,1.8 m,,,hwrc-trans-01,11/10/2021
,hwrc-eng-som-bp3391hx,hwrc-trans-04,1,,1,0,,,3.0 m,,,hwrc-trans-01,11/10/2021
,hwrc-eng-som-bp3391hx,hwrc-trans-05,0,,,,,,,,,,1/10/2021
,hwrc-eng-som-fp3190fs,hwrc-trans-01,1,,0,0,,2.0 m,,,,,1/10/2021
,hwrc-eng-som-fp3190fs,hwrc-trans-02,1,,1,0,,,,,3.5 t,,1/10/2021
,hwrc-eng-som-fp3190fs,hwrc-trans-03,1,,1,0,,,1.8 m,,,hwrc-trans-01,11/10/2021
,hwrc-eng-som-fp3190fs,hwrc-trans-04,1,,1,0,,,3.0 m,,,hwrc-trans-01,11/10/2021
,hwrc-eng-som-fp3190fs,hwrc-trans-05,1,,0,0,,,,,,,1/10/2021
,hwrc-eng-som-dp3593fn,hwrc-trans-01,1,,0,0,,2.0 m,,,,,1/10/2021
,hwrc-eng-som-dp3593fn,hwrc-trans-02,1,,1,0,,,,,3.5 t,,1/10/2021
,hwrc-eng-som-dp3593fn,hwrc-trans-03,1,,1,0,,,1.8 m,,,hwrc-trans-01,11/10/2021
,hwrc-eng-som-dp3593fn,hwrc-trans-04,1,,1,0,,,3.0 m,,,hwrc-trans-01,11/10/2021
,hwrc-eng-som-dp3593fn,hwrc-trans-05,1,,0,0,,,,,,,1/10/2021
,hwrc-eng-som-hp3790fv,hwrc-trans-01,1,,0,0,,2.0 m,,,,,1/10/2021
,hwrc-eng-som-hp3790fv,hwrc-trans-02,1,,1,0,,,,,3.5 t,,1/10/2021
,hwrc-eng-som-hp3790fv,hwrc-trans-03,1,,1,0,,,1.8 m,,,hwrc-trans-01,11/10/2021
,hwrc-eng-som-hp3790fv,hwrc-trans-04,1,,1,0,,,3.0 m,,,hwrc-trans-01,11/10/2021
,hwrc-eng-som-hp3790fv,hwrc-trans-05,1,,0,0,,,,,,,1/10/2021
,hwrc-eng-som-hp3190fm,hwrc-trans-01,1,,0,0,,2.0 m,,,,,1/10/2021
,hwrc-eng-som-hp3190fm,hwrc-trans-02,1,,1,0,,,,,3.5 t,,1/10/2021
,hwrc-eng-som-hp3190fm,hwrc-trans-03,1,,1,0,,,1.8 m,,,hwrc-trans-01,11/10/2021
,hwrc-eng-som-hp3190fm,hwrc-trans-04,1,,1,0,,,3.0 m,,,hwrc-trans-01,11/10/2021
,hwrc-eng-som-hp3190fm,hwrc-trans-05,1,,0,0,,,,,,,1/10/2021
,hwrc-eng-som-cp3090fy,hwrc-trans-01,1,,0,0,,2.0 m,,,,,1/10/2021
,hwrc-eng-som-cp3090fy,hwrc-trans-02,1,,1,0,,,,,3.5 t,,1/10/2021
,hwrc-eng-som-cp3090fy,hwrc-trans-03,1,,1,0,,,1.8 m,,,hwrc-trans-01,11/10/2021
,hwrc-eng-som-cp3090fy,hwrc-trans-04,1,,1,0,,,3.0 m,,,hwrc-trans-01,11/10/2021
,hwrc-eng-som-cp3090fy,hwrc-trans-05,0,,,,,,,,,,1/10/2021
,hwrc-eng-som-kb3605kr,hwrc-trans-01,1,,0,0,,2.0 m,,,,,1/10/2021
,hwrc-eng-som-kb3605kr,hwrc-trans-02,1,,1,0,,,,,3.5 t,,1/10/2021
,hwrc-eng-som-kb3605kr,hwrc-trans-03,1,,1,0,,,1.8 m,,,hwrc-trans-01,11/10/2021
,hwrc-eng-som-kb3605kr,hwrc-trans-04,1,,1,0,,,3.0 m,,,hwrc-trans-01,11/10/2021
,hwrc-eng-som-kb3605kr,hwrc-trans-05,0,,,,,,,,,,1/10/2021
,hwrc-eng-som-eb3805gz,hwrc-trans-01,1,,0,0,,2.0 m,,,,,1/10/2021
,hwrc-eng-som-eb3805gz,hwrc-trans-02,1,,1,0,,,,,3.5 t,,1/10/2021
,hwrc-eng-som-eb3805gz,hwrc-trans-03,1,,1,0,,,1.8 m,,,hwrc-trans-01,11/10/2021
,hwrc-eng-som-eb3805gz,hwrc-trans-04,1,,1,0,,,3.0 m,,,hwrc-trans-01,11/10/2021
,hwrc-eng-som-eb3805gz,hwrc-trans-05,0,,,,,,,,,,1/10/2021
,hwrc-eng-som-cp3390fl,hwrc-trans-01,1,,0,0,,2.0 m,,,,,1/10/2021
,hwrc-eng-som-cp3390fl,hwrc-trans-02,1,,1,0,,,,,3.5 t,,1/10/2021
,hwrc-eng-som-cp3390fl,hwrc-trans-03,1,,1,0,,,1.8 m,,,hwrc-trans-01,11/10/2021
,hwrc-eng-som-cp3390fl,hwrc-trans-04,1,,1,0,,,3.0 m,,,hwrc-trans-01,11/10/2021
,hwrc-eng-som-cp3390fl,hwrc-trans-05,0,,,,,,,,,,1/10/2021
,hwrc-eng-som-dp3293ln,hwrc-trans-01,1,,0,0,,2.0 m,,,,,1/10/2021
,hwrc-eng-som-dp3293ln,hwrc-trans-02,1,,1,0,,,,,3.5 t,,1/10/2021
,hwrc-eng-som-dp3293ln,hwrc-trans-03,1,,1,0,,,1.8 m,,,hwrc-trans-01,11/10/2021
,hwrc-eng-som-dp3293ln,hwrc-trans-04,1,,1,0,,,3.0 m,,,hwrc-trans-01,11/10/2021
,hwrc-eng-som-dp3293ln,hwrc-trans-05,0,,,,,,,,,,1/10/2021
,hwrc-eng-som-hp3690fn,hwrc-trans-01,1,,0,0,,2.0 m,,,,,1/10/2021
,hwrc-eng-som-hp3690fn,hwrc-trans-02,1,,1,0,,,,,3.5 t,,1/10/2021
,hwrc-eng-som-hp3690fn,hwrc-trans-03,1,,1,0,,,1.8 m,,,hwrc-trans-01,11/10/2021
,hwrc-eng-som-hp3690fn,hwrc-trans-04,1,,1,0,,,3.0 m,,,hwrc-trans-01,11/10/2021
,hwrc-eng-som-hp3690fn,hwrc-trans-05,0,,,,,,,,,,1/10/2021
,hwrc-eng-dst-ap3897hl,hwrc-trans-01,1,,0,0,,2.0 m,,,,,4/10/2021
,hwrc-eng-dst-ap3897hl,hwrc-trans-02,1,,1,0,,,,,3.5 t,,4/10/2021
,hwrc-eng-dst-ap3897hl,hwrc-trans-03,1,,0,0,,,1.8 m,1.2 m,,hwrc-trans-01,11/10/2021
,hwrc-eng-dst-ap3897hl,hwrc-trans-04,0,,,,,,,,,,11/10/2021
,hwrc-eng-dst-ap3897hl,hwrc-trans-05,,,,,,,,,,,4/10/2021
,hwrc-eng-dst-kb3400cy,hwrc-trans-01,1,,0,0,,2.0 m,,,,,4/10/2021
,hwrc-eng-dst-kb3400cy,hwrc-trans-02,1,,1,0,,,,,3.5 t,,4/10/2021
,hwrc-eng-dst-kb3400cy,hwrc-trans-03,1,,0,0,,,1.8 m,1.2 m,,hwrc-trans-01,11/10/2021
,hwrc-eng-dst-kb3400cy,hwrc-trans-04,0,,,,,,,,,,11/10/2021
,hwrc-eng-dst-kb3400cy,hwrc-trans-05,,,,,,,,,,,4/10/2021
,hwrc-eng-dst-kb3308xk,hwrc-trans-01,1,,0,0,,2.0 m,,,,,4/10/2021
,hwrc-eng-dst-kb3308xk,hwrc-trans-02,1,,1,0,,,,,3.5 t,,4/10/2021
,hwrc-eng-dst-kb3308xk,hwrc-trans-03,1,,0,0,,,1.8 m,1.2 m,,hwrc-trans-01,11/10/2021
,hwrc-eng-dst-kb3308xk,hwrc-trans-04,0,,,,,,,,,,11/10/2021
,hwrc-eng-dst-kb3308xk,hwrc-trans-05,,,,,,,,,,,4/10/2021
,hwrc-eng-dst-kb3400xa,hwrc-trans-01,1,,0,0,,2.0 m,,,,,4/10/2021
,hwrc-eng-dst-kb3400xa,hwrc-trans-02,1,,1,0,,,,,3.5 t,,4/10/2021
,hwrc-eng-dst-kb3400xa,hwrc-trans-03,1,,0,0,,,1.8 m,1.2 m,,hwrc-trans-01,11/10/2021
,hwrc-eng-dst-kb3400xa,hwrc-trans-04,0,,,,,,,,,,11/10/2021
,hwrc-eng-dst-kb3400xa,hwrc-trans-05,,,,,,,,,,,4/10/2021
,hwrc-eng-dst-kb3400ku,hwrc-trans-01,1,,0,0,,2.0 m,,,,,4/10/2021
,hwrc-eng-dst-kb3400ku,hwrc-trans-02,1,,1,0,,,,,3.5 t,,4/10/2021
,hwrc-eng-dst-kb3400ku,hwrc-trans-03,1,,0,0,,,1.8 m,1.2 m,,hwrc-trans-01,11/10/2021
,hwrc-eng-dst-kb3400ku,hwrc-trans-04,0,,,,,,,,,,11/10/2021
,hwrc-eng-dst-kb3400ku,hwrc-trans-05,,,,,,,,,,,4/10/2021
,hwrc-eng-dst-kb3400fp,hwrc-trans-01,1,,0,0,,2.0 m,,,,,4/10/2021
,hwrc-eng-dst-kb3400fp,hwrc-trans-02,1,,1,0,,,,,3.5 t,,4/10/2021
,hwrc-eng-dst-kb3400fp,hwrc-trans-03,1,,0,0,,,1.8 m,1.2 m,,hwrc-trans-01,11/10/2021
,hwrc-eng-dst-kb3400fp,hwrc-trans-04,0,,,,,,,,,,11/10/2021
,hwrc-eng-dst-kb3400fp,hwrc-trans-05,,,,,,,,,,,4/10/2021
,hwrc-eng-dst-kb3309gw,hwrc-trans-01,1,,0,0,,2.0 m,,,,,4/10/2021
,hwrc-eng-dst-kb3309gw,hwrc-trans-02,1,,1,0,,,,,3.5 t,,4/10/2021
,hwrc-eng-dst-kb3309gw,hwrc-trans-03,1,,0,0,,,1.8 m,1.2 m,,hwrc-trans-01,11/10/2021
,hwrc-eng-dst-kb3309gw,hwrc-trans-04,0,,,,,,,,,,11/10/2021
,hwrc-eng-dst-kb3309gw,hwrc-trans-05,,,,,,,,,,,4/10/2021
,hwrc-eng-dst-xp3493fk,hwrc-trans-01,1,,0,0,,2.0 m,,,,,4/10/2021
,hwrc-eng-dst-xp3493fk,hwrc-trans-02,1,,1,0,,,,,3.5 t,,4/10/2021
,hwrc-eng-dst-xp3493fk,hwrc-trans-03,1,,0,0,,,1.8 m,1.2 m,,hwrc-trans-01,11/10/2021
,hwrc-eng-dst-xp3493fk,hwrc-trans-04,0,,,,,,,,,,11/10/2021
,hwrc-eng-dst-xp3493fk,hwrc-trans-05,,,,,,,,,,,4/10/2021
,hwrc-eng-dst-kb3309xh,hwrc-trans-01,1,,0,0,,2.0 m,,,,,4/10/2021
,hwrc-eng-dst-kb3309xh,hwrc-trans-02,1,,1,0,,,,,3.5 t,,4/10/2021
,hwrc-eng-dst-kb3309xh,hwrc-trans-03,1,,0,0,,,1.8 m,1.2 m,,hwrc-trans-01,11/10/2021
,hwrc-eng-dst-kb3309xh,hwrc-trans-04,0,,,,,,,,,,11/10/2021
,hwrc-eng-dst-kb3309xh,hwrc-trans-05,,,,,,,,,,,4/10/2021
,hwrc-eng-dst-kb3309fv,hwrc-trans-01,1,,0,0,,2.0 m,,,,,4/10/2021
,hwrc-eng-dst-kb3309fv,hwrc-trans-02,1,,1,0,,,,,3.5 t,,4/10/2021
,hwrc-eng-dst-kb3309fv,hwrc-trans-03,1,,0,0,,,1.8 m,1.2 m,,hwrc-trans-01,11/10/2021
,hwrc-eng-dst-kb3309fv,hwrc-trans-04,0,,,,,,,,,,11/10/2021
,hwrc-eng-dst-kb3309fv,hwrc-trans-05,,,,,,,,,,,4/10/2021
,hwrc-eng-bpc-up3093fy,hwrc-trans-01,1,,0,0,,2.0 m,,,,,4/10/2021
,hwrc-eng-bpc-up3093fy,hwrc-trans-02,1,,1,0,,,,,3.5 t,,4/10/2021
,hwrc-eng-bpc-up3093fy,hwrc-trans-03,1,,0,0,,,1.8 m,1.2 m,,hwrc-trans-01,11/10/2021
,hwrc-eng-bpc-up3093fy,hwrc-trans-04,0,,,,,,,,,,11/10/2021
,hwrc-eng-bpc-up3093fy,hwrc-trans-05,1,,0,0,,,,,,,4/10/2021
,hwrc-eng-bpc-ap3997hu,hwrc-trans-01,1,,0,0,,2.0 m,,,,,4/10/2021
,hwrc-eng-bpc-ap3997hu,hwrc-trans-02,1,,1,0,,,,,3.5 t,,4/10/2021
,hwrc-eng-bpc-ap3997hu,hwrc-trans-03,1,,0,0,,,1.8 m,1.2 m,,hwrc-trans-01,11/10/2021
,hwrc-eng-bpc-ap3997hu,hwrc-trans-04,0,,,,,,,,,,11/10/2021
,hwrc-eng-bpc-ap3997hu,hwrc-trans-05,1,,0,0,,,,,,,4/10/2021
,hwrc-eng-bpc-kb3309ha,hwrc-trans-01,1,,0,0,,2.0 m,,,,,4/10/2021
,hwrc-eng-bpc-kb3309ha,hwrc-trans-02,1,,1,0,,,,,3.5 t,,4/10/2021
,hwrc-eng-bpc-kb3309ha,hwrc-trans-03,1,,0,0,,,1.8 m,1.2 m,,hwrc-trans-01,11/10/2021
,hwrc-eng-bpc-kb3309ha,hwrc-trans-04,0,,,,,,,,,,11/10/2021
,hwrc-eng-bpc-kb3309ha,hwrc-trans-05,1,,0,0,,,,,,,4/10/2021
,hwrc-eng-wil-kp3093ff,hwrc-trans-01,1,,0,0,,2.0 m,,,,,4/10/2021
,hwrc-eng-wil-kp3093ff,hwrc-trans-02,1,,1,0,,,,,3.5 t,,4/10/2021
,hwrc-eng-wil-kp3093ff,hwrc-trans-03,1,,0,0,,,1.8 m,,,,11/10/2021
,hwrc-eng-wil-kp3093ff,hwrc-trans-04,1,,1,0,,,3.0 m,,,,11/10/2021
,hwrc-eng-wil-kp3093ff,hwrc-trans-05,,,,,,,,,,,4/10/2021
,hwrc-eng-wil-fb3505mn,hwrc-trans-01,1,,0,0,,2.0 m,,,,,4/10/2021
,hwrc-eng-wil-fb3505mn,hwrc-trans-02,1,,1,0,,,,,3.5 t,,4/10/2021
,hwrc-eng-wil-fb3505mn,hwrc-trans-03,1,,0,0,,,1.8 m,,,,11/10/2021
,hwrc-eng-wil-fb3505mn,hwrc-trans-04,1,,1,0,,,3.0 m,,,,11/10/2021
,hwrc-eng-wil-fb3505mn,hwrc-trans-05,,,,,,,,,,,4/10/2021
,hwrc-eng-wil-bb3330af,hwrc-trans-01,1,,0,0,,2.0 m,,,,,4/10/2021
,hwrc-eng-wil-bb3330af,hwrc-trans-02,1,,1,0,,,,,3.5 t,,4/10/2021
,hwrc-eng-wil-bb3330af,hwrc-trans-03,1,,0,0,,,1.8 m,,,,11/10/2021
,hwrc-eng-wil-bb3330af,hwrc-trans-04,1,,1,0,,,3.0 m,,,,11/10/2021
,hwrc-eng-wil-bb3330af,hwrc-trans-05,,,,,,,,,,,4/10/2021
,hwrc-eng-wil-fb3506gh,hwrc-trans-01,1,,0,0,,2.0 m,,,,,4/10/2021
,hwrc-eng-wil-fb3506gh,hwrc-trans-02,1,,1,0,,,,,3.5 t,,4/10/2021
,hwrc-eng-wil-fb3506gh,hwrc-trans-03,1,,0,0,,,1.8 m,,,,11/10/2021
,hwrc-eng-wil-fb3506gh,hwrc-trans-04,1,,1,0,,,3.0 m,,,,11/10/2021
,hwrc-eng-wil-fb3506gh,hwrc-trans-05,,,,,,,,,,,4/10/2021
,hwrc-eng-wil-fb3505xb,hwrc-trans-01,1,,0,0,,2.0 m,,,,,4/10/2021
,hwrc-eng-wil-fb3505xb,hwrc-trans-02,1,,1,0,,,,,3.5 t,,4/10/2021
,hwrc-eng-wil-fb3505xb,hwrc-trans-03,1,,0,0,,,1.8 m,,,,11/10/2021
,hwrc-eng-wil-fb3505xb,hwrc-trans-04,1,,1,0,,,3.0 m,,,,11/10/2021
,hwrc-eng-wil-fb3505xb,hwrc-trans-05,,,,,,,,,,,4/10/2021
,hwrc-eng-wil-yp3199en,hwrc-trans-01,1,,0,0,,2.0 m,,,,,4/10/2021
,hwrc-eng-wil-yp3199en,hwrc-trans-02,1,,1,0,,,,,3.5 t,,4/10/2021
,hwrc-eng-wil-yp3199en,hwrc-trans-03,1,,0,0,,,1.8 m,,,,11/10/2021
,hwrc-eng-wil-yp3199en,hwrc-trans-04,1,,1,0,,,3.0 m,,,,11/10/2021
,hwrc-eng-wil-yp3199en,hwrc-trans-05,,,,,,,,,,,4/10/2021
,hwrc-eng-wil-fb3505uj,hwrc-trans-01,1,,0,0,,2.0 m,,,,,4/10/2021
,hwrc-eng-wil-fb3505uj,hwrc-trans-02,1,,1,0,,,,,3.5 t,,4/10/2021
,hwrc-eng-wil-fb3505uj,hwrc-trans-03,1,,0,0,,,1.8 m,,,,11/10/2021
,hwrc-eng-wil-fb3505uj,hwrc-trans-04,1,,1,0,,,3.0 m,,,,11/10/2021
,hwrc-eng-wil-fb3505uj,hwrc-trans-05,,,,,,,,,,,4/10/2021
,hwrc-eng-wil-fb3506cx,hwrc-trans-01,1,,0,0,,2.0 m,,,,,4/10/2021
,hwrc-eng-wil-fb3506cx,hwrc-trans-02,1,,1,0,,,,,3.5 t,,4/10/2021
,hwrc-eng-wil-fb3506cx,hwrc-trans-03,1,,0,0,,,1.8 m,,,,11/10/2021
,hwrc-eng-wil-fb3506cx,hwrc-trans-04,1,,1,0,,,3.0 m,,,,11/10/2021
,hwrc-eng-wil-fb3506cx,hwrc-trans-05,,,,,,,,,,,4/10/2021
,hwrc-eng-wil-fb3506ft,hwrc-trans-01,1,,0,0,,2.0 m,,,,,4/10/2021
,hwrc-eng-wil-fb3506ft,hwrc-trans-02,1,,1,0,,,,,3.5 t,,4/10/2021
,hwrc-eng-wil-fb3506ft,hwrc-trans-03,1,,0,0,,,1.8 m,,,,11/10/2021
,hwrc-eng-wil-fb3506ft,hwrc-trans-04,1,,1,0,,,3.0 m,,,,11/10/2021
,hwrc-eng-wil-fb3506ft,hwrc-trans-05,,,,,,,,,,,4/10/2021
,hwrc-eng-wil-fb3506hf,hwrc-trans-01,1,,0,0,,2.0 m,,,,,4/10/2021
,hwrc-eng-wil-fb3506hf,hwrc-trans-02,1,,1,0,,,,,3.5 t,,4/10/2021
,hwrc-eng-wil-fb3506hf,hwrc-trans-03,1,,0,0,,,1.8 m,,,,11/10/2021
,hwrc-eng-wil-fb3506hf,hwrc-trans-04,1,,1,0,,,3.0 m,,,,11/10/2021
,hwrc-eng-wil-fb3506hf,hwrc-trans-05,,,,,,,,,,,4/10/2021
,hwrc-eng-ham-db3900mh,hwrc-trans-01,1,,0,1,https://www.hants.gov.uk/wasteandrecycling/recyclingcentres/book-appointment,2.0 m,,,,,8/10/2021
,hwrc-eng-ham-db3900mh,hwrc-trans-02,1,,1,1,https://www.hants.gov.uk/wasteandrecycling/recyclingcentres/book-appointment,,,,3.5 t,,8/10/2021
,hwrc-eng-ham-db3900mh,hwrc-trans-03,0,,,,,,,,,,11/10/2021
,hwrc-eng-ham-db3900mh,hwrc-trans-04,0,,,,,,,,,,11/10/2021
,hwrc-eng-ham-db3900mh,hwrc-trans-05,,,,,,,,,,,8/10/2021
,hwrc-eng-ham-db3901kh,hwrc-trans-01,1,,0,1,https://www.hants.gov.uk/wasteandrecycling/recyclingcentres/book-appointment,1.75 m,,,,,8/10/2021
,hwrc-eng-ham-db3901kh,hwrc-trans-02,0,,,,,,,,,,8/10/2021
,hwrc-eng-ham-db3901kh,hwrc-trans-03,1,,0,1,https://www.hants.gov.uk/wasteandrecycling/recyclingcentres/book-appointment,,1.8 m,,,hwrc-trans-01,11/10/2021
,hwrc-eng-ham-db3901kh,hwrc-trans-04,1,,1,1,https://www.hants.gov.uk/wasteandrecycling/recyclingcentres/book-appointment,,3.0 m,,3.5 t,hwrc-trans-01,11/10/2021
,hwrc-eng-ham-db3901kh,hwrc-trans-05,,,,,,,,,,,8/10/2021
,hwrc-eng-ham-db3901sa,hwrc-trans-01,1,,0,1,https://www.hants.gov.uk/wasteandrecycling/recyclingcentres/book-appointment,2.0 m,,,,,8/10/2021
,hwrc-eng-ham-db3901sa,hwrc-trans-02,1,,1,1,https://www.hants.gov.uk/wasteandrecycling/recyclingcentres/book-appointment,,,,3.5 t,,8/10/2021
,hwrc-eng-ham-db3901sa,hwrc-trans-03,1,,0,1,https://www.hants.gov.uk/wasteandrecycling/recyclingcentres/book-appointment,,1.8 m,,,hwrc-trans-01,11/10/2021
,hwrc-eng-ham-db3901sa,hwrc-trans-04,1,,1,1,https://www.hants.gov.uk/wasteandrecycling/recyclingcentres/book-appointment,,3.0 m,,3.5 t,hwrc-trans-01,11/10/2021
,hwrc-eng-ham-db3901sa,hwrc-trans-05,,,,,,,,,,,8/10/2021
,hwrc-eng-ham-db3901ud,hwrc-trans-01,1,,0,1,https://www.hants.gov.uk/wasteandrecycling/recyclingcentres/book-appointment,2.0 m,,,,,8/10/2021
,hwrc-eng-ham-db3901ud,hwrc-trans-02,1,,1,1,https://www.hants.gov.uk/wasteandrecycling/recyclingcentres/book-appointment,,,,3.5 t,,8/10/2021
,hwrc-eng-ham-db3901ud,hwrc-trans-03,1,,0,1,https://www.hants.gov.uk/wasteandrecycling/recyclingcentres/book-appointment,,1.8 m,,,hwrc-trans-01,11/10/2021
,hwrc-eng-ham-db3901ud,hwrc-trans-04,1,,1,1,https://www.hants.gov.uk/wasteandrecycling/recyclingcentres/book-appointment,,3.0 m,,3.5 t,hwrc-trans-01,11/10/2021
,hwrc-eng-ham-db3901ud,hwrc-trans-05,,,,,,,,,,,8/10/2021
,hwrc-eng-ham-db3901tr,hwrc-trans-01,1,,0,1,https://www.hants.gov.uk/wasteandrecycling/recyclingcentres/book-appointment,2.0 m,,,,,8/10/2021
,hwrc-eng-ham-db3901tr,hwrc-trans-02,1,,1,1,https://www.hants.gov.uk/wasteandrecycling/recyclingcentres/book-appointment,,,,3.5 t,,8/10/2021
,hwrc-eng-ham-db3901tr,hwrc-trans-03,1,,0,1,https://www.hants.gov.uk/wasteandrecycling/recyclingcentres/book-appointment,,1.8 m,,,hwrc-trans-01,11/10/2021
,hwrc-eng-ham-db3901tr,hwrc-trans-04,1,,1,1,https://www.hants.gov.uk/wasteandrecycling/recyclingcentres/book-appointment,,3.0 m,,3.5 t,hwrc-trans-01,11/10/2021
,hwrc-eng-ham-db3901tr,hwrc-trans-05,,,,,,,,,,,8/10/2021
,hwrc-eng-ham-db3902gk,hwrc-trans-01,1,,0,1,https://www.hants.gov.uk/wasteandrecycling/recyclingcentres/book-appointment,2.0 m,,,,,8/10/2021
,hwrc-eng-ham-db3902gk,hwrc-trans-02,1,,1,1,https://www.hants.gov.uk/wasteandrecycling/recyclingcentres/book-appointment,,,,3.5 t,,8/10/2021
,hwrc-eng-ham-db3902gk,hwrc-trans-03,1,,0,1,https://www.hants.gov.uk/wasteandrecycling/recyclingcentres/book-appointment,,1.8 m,,,hwrc-trans-01,11/10/2021
,hwrc-eng-ham-db3902gk,hwrc-trans-04,1,,1,1,https://www.hants.gov.uk/wasteandrecycling/recyclingcentres/book-appointment,,3.0 m,,3.5 t,hwrc-trans-01,11/10/2021
,hwrc-eng-ham-db3902gk,hwrc-trans-05,,,,,,,,,,,8/10/2021
,hwrc-eng-ham-db3902xb,hwrc-trans-01,1,,0,1,https://www.hants.gov.uk/wasteandrecycling/recyclingcentres/book-appointment,2.0 m,,,,,8/10/2021
,hwrc-eng-ham-db3902xb,hwrc-trans-02,1,,1,1,https://www.hants.gov.uk/wasteandrecycling/recyclingcentres/book-appointment,,,,3.5 t,,8/10/2021
,hwrc-eng-ham-db3902xb,hwrc-trans-03,1,,0,1,https://www.hants.gov.uk/wasteandrecycling/recyclingcentres/book-appointment,,1.8 m,,,hwrc-trans-01,11/10/2021
,hwrc-eng-ham-db3902xb,hwrc-trans-04,1,,1,1,https://www.hants.gov.uk/wasteandrecycling/recyclingcentres/book-appointment,,3.0 m,,3.5 t,hwrc-trans-01,11/10/2021
,hwrc-eng-ham-db3902xb,hwrc-trans-05,,,,,,,,,,,8/10/2021
,hwrc-eng-ham-db3900ua,hwrc-trans-01,1,,0,1,https://www.hants.gov.uk/wasteandrecycling/recyclingcentres/book-appointment,2.0 m,,,,,8/10/2021
,hwrc-eng-ham-db3900ua,hwrc-trans-02,1,,1,1,https://www.hants.gov.uk/wasteandrecycling/recyclingcentres/book-appointment,,,,3.5 t,,8/10/2021
,hwrc-eng-ham-db3900ua,hwrc-trans-03,1,,0,1,https://www.hants.gov.uk/wasteandrecycling/recyclingcentres/book-appointment,,1.8 m,,,hwrc-trans-01,11/10/2021
,hwrc-eng-ham-db3900ua,hwrc-trans-04,1,,1,1,https://www.hants.gov.uk/wasteandrecycling/recyclingcentres/book-appointment,,3.0 m,,3.5 t,hwrc-trans-01,11/10/2021
,hwrc-eng-ham-db3900ua,hwrc-trans-05,,,,,,,,,,,8/10/2021
,hwrc-eng-ham-db3903ft,hwrc-trans-01,1,,0,1,https://www.hants.gov.uk/wasteandrecycling/recyclingcentres/book-appointment,2.0 m,,,,,8/10/2021
,hwrc-eng-ham-db3903ft,hwrc-trans-02,1,,1,1,https://www.hants.gov.uk/wasteandrecycling/recyclingcentres/book-appointment,,,,3.5 t,,8/10/2021
,hwrc-eng-ham-db3903ft,hwrc-trans-03,1,,0,1,https://www.hants.gov.uk/wasteandrecycling/recyclingcentres/book-appointment,,1.8 m,,,hwrc-trans-01,11/10/2021
,hwrc-eng-ham-db3903ft,hwrc-trans-04,1,,1,1,https://www.hants.gov.uk/wasteandrecycling/recyclingcentres/book-appointment,,3.0 m,,3.5 t,hwrc-trans-01,11/10/2021
,hwrc-eng-ham-db3903ft,hwrc-trans-05,,,,,,,,,,,8/10/2021
,hwrc-eng-ham-db3901cs,hwrc-trans-01,1,,0,1,https://www.hants.gov.uk/wasteandrecycling/recyclingcentres/book-appointment,2.0 m,,,,,8/10/2021
,hwrc-eng-ham-db3901cs,hwrc-trans-02,1,,1,1,https://www.hants.gov.uk/wasteandrecycling/recyclingcentres/book-appointment,,,,3.5 t,,8/10/2021
,hwrc-eng-ham-db3901cs,hwrc-trans-03,1,,0,1,https://www.hants.gov.uk/wasteandrecycling/recyclingcentres/book-appointment,,1.8 m,,,hwrc-trans-01,11/10/2021
,hwrc-eng-ham-db3901cs,hwrc-trans-04,1,,1,1,https://www.hants.gov.uk/wasteandrecycling/recyclingcentres/book-appointment,,3.0 m,,3.5 t,hwrc-trans-01,11/10/2021
,hwrc-eng-ham-db3901cs,hwrc-trans-05,,,,,,,,,,,8/10/2021
,hwrc-eng-ham-db3903hf,hwrc-trans-01,1,,0,1,https://www.hants.gov.uk/wasteandrecycling/recyclingcentres/book-appointment,2.0 m,,,,,8/10/2021
,hwrc-eng-ham-db3903hf,hwrc-trans-02,1,,1,1,https://www.hants.gov.uk/wasteandrecycling/recyclingcentres/book-appointment,,,,3.5 t,,8/10/2021
,hwrc-eng-ham-db3903hf,hwrc-trans-03,1,,0,1,https://www.hants.gov.uk/wasteandrecycling/recyclingcentres/book-appointment,,1.8 m,,,hwrc-trans-01,11/10/2021
,hwrc-eng-ham-db3903hf,hwrc-trans-04,1,,1,1,https://www.hants.gov.uk/wasteandrecycling/recyclingcentres/book-appointment,,3.0 m,,3.5 t,hwrc-trans-01,11/10/2021
,hwrc-eng-ham-db3903hf,hwrc-trans-05,,,,,,,,,,,8/10/2021
,hwrc-eng-ham-db3902uj,hwrc-trans-01,1,,0,1,https://www.hants.gov.uk/wasteandrecycling/recyclingcentres/book-appointment,2.0 m,,,,,8/10/2021
,hwrc-eng-ham-db3902uj,hwrc-trans-02,1,,1,1,https://www.hants.gov.uk/wasteandrecycling/recyclingcentres/book-appointment,,,,3.5 t,,8/10/2021
,hwrc-eng-ham-db3902uj,hwrc-trans-03,1,,0,1,https://www.hants.gov.uk/wasteandrecycling/recyclingcentres/book-appointment,,1.8 m,,,hwrc-trans-01,11/10/2021
,hwrc-eng-ham-db3902uj,hwrc-trans-04,1,,1,1,https://www.hants.gov.uk/wasteandrecycling/recyclingcentres/book-appointment,,3.0 m,,3.5 t,hwrc-trans-01,11/10/2021
,hwrc-eng-ham-db3902uj,hwrc-trans-05,,,,,,,,,,,8/10/2021
,hwrc-eng-ham-db3901gx,hwrc-trans-01,1,,0,1,https://www.hants.gov.uk/wasteandrecycling/recyclingcentres/book-appointment,2.0 m,,,,,8/10/2021
,hwrc-eng-ham-db3901gx,hwrc-trans-02,1,,1,1,https://www.hants.gov.uk/wasteandrecycling/recyclingcentres/book-appointment,,,,3.5 t,,8/10/2021
,hwrc-eng-ham-db3901gx,hwrc-trans-03,0,,,,,,,,,,11/10/2021
,hwrc-eng-ham-db3901gx,hwrc-trans-04,0,,,,,,,,,,11/10/2021
,hwrc-eng-ham-db3901gx,hwrc-trans-05,,,,,,,,,,,8/10/2021
,hwrc-eng-ham-db3902mn,hwrc-trans-01,1,,0,1,https://www.hants.gov.uk/wasteandrecycling/recyclingcentres/book-appointment,2.0 m,,,,,8/10/2021
,hwrc-eng-ham-db3902mn,hwrc-trans-02,1,,1,1,https://www.hants.gov.uk/wasteandrecycling/recyclingcentres/book-appointment,,,,3.5 t,,8/10/2021
,hwrc-eng-ham-db3902mn,hwrc-trans-03,1,,0,1,https://www.hants.gov.uk/wasteandrecycling/recyclingcentres/book-appointment,,1.8 m,,,hwrc-trans-01,11/10/2021
,hwrc-eng-ham-db3902mn,hwrc-trans-04,1,,1,1,https://www.hants.gov.uk/wasteandrecycling/recyclingcentres/book-appointment,,3.0 m,,3.5 t,hwrc-trans-01,11/10/2021
,hwrc-eng-ham-db3902mn,hwrc-trans-05,,,,,,,,,,,8/10/2021
,hwrc-eng-ham-db3900kk,hwrc-trans-01,1,,0,1,https://www.hants.gov.uk/wasteandrecycling/recyclingcentres/book-appointment,2.0 m,,,,,8/10/2021
,hwrc-eng-ham-db3900kk,hwrc-trans-02,1,,1,1,https://www.hants.gov.uk/wasteandrecycling/recyclingcentres/book-appointment,,,,3.5 t,,8/10/2021
,hwrc-eng-ham-db3900kk,hwrc-trans-03,1,,0,1,https://www.hants.gov.uk/wasteandrecycling/recyclingcentres/book-appointment,,1.8 m,,,hwrc-trans-01,11/10/2021
,hwrc-eng-ham-db3900kk,hwrc-trans-04,1,,1,1,https://www.hants.gov.uk/wasteandrecycling/recyclingcentres/book-appointment,,3.0 m,,3.5 t,hwrc-trans-01,11/10/2021
,hwrc-eng-ham-db3900kk,hwrc-trans-05,,,,,,,,,,,8/10/2021
,hwrc-eng-ham-db3903cx,hwrc-trans-01,1,,0,1,https://www.hants.gov.uk/wasteandrecycling/recyclingcentres/book-appointment,2.0 m,,,,,8/10/2021
,hwrc-eng-ham-db3903cx,hwrc-trans-02,1,,1,1,https://www.hants.gov.uk/wasteandrecycling/recyclingcentres/book-appointment,,,,3.5 t,,8/10/2021
,hwrc-eng-ham-db3903cx,hwrc-trans-03,1,,0,1,https://www.hants.gov.uk/wasteandrecycling/recyclingcentres/book-appointment,,1.8 m,,,hwrc-trans-01,11/10/2021
,hwrc-eng-ham-db3903cx,hwrc-trans-04,1,,1,1,https://www.hants.gov.uk/wasteandrecycling/recyclingcentres/book-appointment,,3.0 m,,3.5 t,hwrc-trans-01,11/10/2021
,hwrc-eng-ham-db3903cx,hwrc-trans-05,,,,,,,,,,,8/10/2021
,hwrc-eng-ham-db3902ht,hwrc-trans-01,1,,0,1,https://www.hants.gov.uk/wasteandrecycling/recyclingcentres/book-appointment,2.0 m,,,,,8/10/2021
,hwrc-eng-ham-db3902ht,hwrc-trans-02,1,,1,1,https://www.hants.gov.uk/wasteandrecycling/recyclingcentres/book-appointment,,,,3.5 t,,8/10/2021
,hwrc-eng-ham-db3902ht,hwrc-trans-03,1,,0,1,https://www.hants.gov.uk/wasteandrecycling/recyclingcentres/book-appointment,,1.8 m,,,hwrc-trans-01,11/10/2021
,hwrc-eng-ham-db3902ht,hwrc-trans-04,1,,1,1,https://www.hants.gov.uk/wasteandrecycling/recyclingcentres/book-appointment,,3.0 m,,3.5 t,hwrc-trans-01,11/10/2021
,hwrc-eng-ham-db3902ht,hwrc-trans-05,,,,,,,,,,,8/10/2021
,hwrc-eng-ham-db3902sd,hwrc-trans-01,1,,0,1,https://www.hants.gov.uk/wasteandrecycling/recyclingcentres/book-appointment,2.0 m,,,,,8/10/2021
,hwrc-eng-ham-db3902sd,hwrc-trans-02,1,,1,1,https://www.hants.gov.uk/wasteandrecycling/recyclingcentres/book-appointment,,,,3.5 t,,8/10/2021
,hwrc-eng-ham-db3902sd,hwrc-trans-03,0,,,,,,,,,,11/10/2021
,hwrc-eng-ham-db3902sd,hwrc-trans-04,0,,,,,,,,,,11/10/2021
,hwrc-eng-ham-db3902sd,hwrc-trans-05,,,,,,,,,,,8/10/2021
,hwrc-eng-ham-db3901fu,hwrc-trans-01,1,,0,1,https://www.hants.gov.uk/wasteandrecycling/recyclingcentres/book-appointment,2.0 m,,,,,8/10/2021
,hwrc-eng-ham-db3901fu,hwrc-trans-02,1,,1,1,https://www.hants.gov.uk/wasteandrecycling/recyclingcentres/book-appointment,,,,3.5 t,,8/10/2021
,hwrc-eng-ham-db3901fu,hwrc-trans-03,1,,0,1,https://www.hants.gov.uk/wasteandrecycling/recyclingcentres/book-appointment,,1.8 m,,,hwrc-trans-01,11/10/2021
,hwrc-eng-ham-db3901fu,hwrc-trans-04,1,,1,1,https://www.hants.gov.uk/wasteandrecycling/recyclingcentres/book-appointment,,3.0 m,,3.5 t,hwrc-trans-01,11/10/2021
,hwrc-eng-ham-db3901fu,hwrc-trans-05,,,,,,,,,,,8/10/2021
,hwrc-eng-ham-db3902lz,hwrc-trans-01,1,,0,1,https://www.hants.gov.uk/wasteandrecycling/recyclingcentres/book-appointment,2.0 m,,,,,8/10/2021
,hwrc-eng-ham-db3902lz,hwrc-trans-02,1,,1,1,https://www.hants.gov.uk/wasteandrecycling/recyclingcentres/book-appointment,,,,3.5 t,,8/10/2021
,hwrc-eng-ham-db3902lz,hwrc-trans-03,0,,,,,,,,,,11/10/2021
,hwrc-eng-ham-db3902lz,hwrc-trans-04,0,,,,,,,,,,11/10/2021
,hwrc-eng-ham-db3902lz,hwrc-trans-05,,,,,,,,,,,8/10/2021
,hwrc-eng-ham-db3902cm,hwrc-trans-01,1,,0,1,https://www.hants.gov.uk/wasteandrecycling/recyclingcentres/book-appointment,2.0 m,,,,,8/10/2021
,hwrc-eng-ham-db3902cm,hwrc-trans-02,1,,1,1,https://www.hants.gov.uk/wasteandrecycling/recyclingcentres/book-appointment,,,,3.5 t,,8/10/2021
,hwrc-eng-ham-db3902cm,hwrc-trans-03,1,,0,1,https://www.hants.gov.uk/wasteandrecycling/recyclingcentres/book-appointment,,1.8 m,,,hwrc-trans-01,11/10/2021
,hwrc-eng-ham-db3902cm,hwrc-trans-04,1,,1,1,https://www.hants.gov.uk/wasteandrecycling/recyclingcentres/book-appointment,,3.0 m,,3.5 t,hwrc-trans-01,11/10/2021
,hwrc-eng-ham-db3902cm,hwrc-trans-05,,,,,,,,,,,8/10/2021
,hwrc-eng-ham-db3003ux,hwrc-trans-01,1,,0,1,https://www.hants.gov.uk/wasteandrecycling/recyclingcentres/book-appointment,2.0 m,,,,,8/10/2021
,hwrc-eng-ham-db3003ux,hwrc-trans-02,1,,1,1,https://www.hants.gov.uk/wasteandrecycling/recyclingcentres/book-appointment,,,,3.5 t,,8/10/2021
,hwrc-eng-ham-db3003ux,hwrc-trans-03,1,,0,1,https://www.hants.gov.uk/wasteandrecycling/recyclingcentres/book-appointment,,1.8 m,,,hwrc-trans-01,11/10/2021
,hwrc-eng-ham-db3003ux,hwrc-trans-04,1,,1,1,https://www.hants.gov.uk/wasteandrecycling/recyclingcentres/book-appointment,,3.0 m,,3.5 t,hwrc-trans-01,11/10/2021
,hwrc-eng-ham-db3003ux,hwrc-trans-05,,,,,,,,,,,8/10/2021
,hwrc-eng-ham-db3902ty,hwrc-trans-01,1,,0,1,https://www.hants.gov.uk/wasteandrecycling/recyclingcentres/book-appointment,2.0 m,,,,,8/10/2021
,hwrc-eng-ham-db3902ty,hwrc-trans-02,1,,1,1,https://www.hants.gov.uk/wasteandrecycling/recyclingcentres/book-appointment,,,,3.5 t,,8/10/2021
,hwrc-eng-ham-db3902ty,hwrc-trans-03,1,,0,1,https://www.hants.gov.uk/wasteandrecycling/recyclingcentres/book-appointment,,1.8 m,,,hwrc-trans-01,11/10/2021
,hwrc-eng-ham-db3902ty,hwrc-trans-04,1,,1,1,https://www.hants.gov.uk/wasteandrecycling/recyclingcentres/book-appointment,,3.0 m,,3.5 t,hwrc-trans-01,11/10/2021
,hwrc-eng-ham-db3902ty,hwrc-trans-05,,,,,,,,,,,8/10/2021
,hwrc-eng-ham-db3901mc,hwrc-trans-01,1,,0,1,https://www.hants.gov.uk/wasteandrecycling/recyclingcentres/book-appointment,2.0 m,,,,,8/10/2021
,hwrc-eng-ham-db3901mc,hwrc-trans-02,1,,1,1,https://www.hants.gov.uk/wasteandrecycling/recyclingcentres/book-appointment,,,,3.5 t,,8/10/2021
,hwrc-eng-ham-db3901mc,hwrc-trans-03,1,,0,1,https://www.hants.gov.uk/wasteandrecycling/recyclingcentres/book-appointment,,1.8 m,,,hwrc-trans-01,11/10/2021
,hwrc-eng-ham-db3901mc,hwrc-trans-04,1,,1,1,https://www.hants.gov.uk/wasteandrecycling/recyclingcentres/book-appointment,,3.0 m,,3.5 t,hwrc-trans-01,11/10/2021
,hwrc-eng-ham-db3901mc,hwrc-trans-05,,,,,,,,,,,8/10/2021
,hwrc-eng-ham-db3901hg,hwrc-trans-01,1,,0,1,https://www.hants.gov.uk/wasteandrecycling/recyclingcentres/book-appointment,2.0 m,,,,,8/10/2021
,hwrc-eng-ham-db3901hg,hwrc-trans-02,1,,1,1,https://www.hants.gov.uk/wasteandrecycling/recyclingcentres/book-appointment,,,,3.5 t,,8/10/2021
,hwrc-eng-ham-db3901hg,hwrc-trans-03,1,,0,1,https://www.hants.gov.uk/wasteandrecycling/recyclingcentres/book-appointment,,1.8 m,,,hwrc-trans-01,11/10/2021
,hwrc-eng-ham-db3901hg,hwrc-trans-04,1,,1,1,https://www.hants.gov.uk/wasteandrecycling/recyclingcentres/book-appointment,,3.0 m,,3.5 t,hwrc-trans-01,11/10/2021
,hwrc-eng-ham-db3901hg,hwrc-trans-05,,,,,,,,,,,8/10/2021
,hwrc-eng-ham-db3900xy,hwrc-trans-01,1,,0,1,https://www.hants.gov.uk/wasteandrecycling/recyclingcentres/book-appointment,2.0 m,,,,,8/10/2021
,hwrc-eng-ham-db3900xy,hwrc-trans-02,1,,1,1,https://www.hants.gov.uk/wasteandrecycling/recyclingcentres/book-appointment,,,,3.5 t,,8/10/2021
,hwrc-eng-ham-db3900xy,hwrc-trans-03,1,,0,1,https://www.hants.gov.uk/wasteandrecycling/recyclingcentres/book-appointment,,1.8 m,,,hwrc-trans-01,11/10/2021
,hwrc-eng-ham-db3900xy,hwrc-trans-04,1,,1,1,https://www.hants.gov.uk/wasteandrecycling/recyclingcentres/book-appointment,,3.0 m,,3.5 t,hwrc-trans-01,11/10/2021
,hwrc-eng-ham-db3900xy,hwrc-trans-05,,,,,,,,,,,8/10/2021
,hwrc-eng-wsx-kb3606gw,hwrc-trans-01,1,,0,0,https://www.westsussex.gov.uk/land-waste-and-housing/waste-and-recycling/recycling-and-waste-prevention/recycling-centres/book-to-recycle-trial-booking-system/,2.0 m,,,,,15/10/2021
,hwrc-eng-wsx-kb3606gw,hwrc-trans-02,0,,,,,,,,,,15/10/2021
,hwrc-eng-wsx-kb3606gw,hwrc-trans-03,1,,1,0,https://www.westsussex.gov.uk/land-waste-and-housing/waste-and-recycling/recycling-and-waste-prevention/recycling-centres/book-to-recycle-trial-booking-system/,,1.8 m,,,hwrc-trans-01,15/10/2021
,hwrc-eng-wsx-kb3606gw,hwrc-trans-04,1,,1,0,https://www.westsussex.gov.uk/land-waste-and-housing/waste-and-recycling/recycling-and-waste-prevention/recycling-centres/book-to-recycle-trial-booking-system/,,,,3.5 t,hwrc-trans-01,15/10/2021
,hwrc-eng-wsx-kb3606gw,hwrc-trans-05,0,,,,,,,,,,15/10/2021
,hwrc-eng-wsx-dp3894hp,hwrc-trans-01,1,,0,1,https://www.westsussex.gov.uk/land-waste-and-housing/waste-and-recycling/recycling-and-waste-prevention/recycling-centres/book-to-recycle-trial-booking-system/,2.0 m,,,,,15/10/2021
,hwrc-eng-wsx-dp3894hp,hwrc-trans-02,0,,,,,,,,,,15/10/2021
,hwrc-eng-wsx-dp3894hp,hwrc-trans-03,1,,1,1,https://www.westsussex.gov.uk/land-waste-and-housing/waste-and-recycling/recycling-and-waste-prevention/recycling-centres/book-to-recycle-trial-booking-system/,,1.8 m,,,hwrc-trans-01,15/10/2021
,hwrc-eng-wsx-dp3894hp,hwrc-trans-04,1,,1,1,https://www.westsussex.gov.uk/land-waste-and-housing/waste-and-recycling/recycling-and-waste-prevention/recycling-centres/book-to-recycle-trial-booking-system/,,,,3.5 t,hwrc-trans-01,15/10/2021
,hwrc-eng-wsx-dp3894hp,hwrc-trans-05,1,,,,,,,,,,15/10/2021
,hwrc-eng-wsx-kb3605uu,hwrc-trans-01,1,,0,0,https://www.westsussex.gov.uk/land-waste-and-housing/waste-and-recycling/recycling-and-waste-prevention/recycling-centres/book-to-recycle-trial-booking-system/,2.0 m,,,,,15/10/2021
,hwrc-eng-wsx-kb3605uu,hwrc-trans-02,1,,1,0,https://www.westsussex.gov.uk/land-waste-and-housing/waste-and-recycling/recycling-and-waste-prevention/recycling-centres/book-to-recycle-trial-booking-system/,,,,3.5 t,,15/10/2021
,hwrc-eng-wsx-kb3605uu,hwrc-trans-03,1,,1,0,https://www.westsussex.gov.uk/land-waste-and-housing/waste-and-recycling/recycling-and-waste-prevention/recycling-centres/book-to-recycle-trial-booking-system/,,1.8 m,,,"hwrc-trans-01, hwrc-trans-02",15/10/2021
,hwrc-eng-wsx-kb3605uu,hwrc-trans-04,1,,1,0,https://www.westsussex.gov.uk/land-waste-and-housing/waste-and-recycling/recycling-and-waste-prevention/recycling-centres/book-to-recycle-trial-booking-system/,,,,3.5 t,"hwrc-trans-01, hwrc-trans-02",15/10/2021
,hwrc-eng-wsx-kb3605uu,hwrc-trans-05,0,,,,,,,,,,15/10/2021
,hwrc-eng-wsx-kb3606fv,hwrc-trans-01,1,,0,0,https://www.westsussex.gov.uk/land-waste-and-housing/waste-and-recycling/recycling-and-waste-prevention/recycling-centres/book-to-recycle-trial-booking-system/,2.0 m,,,,,15/10/2021
,hwrc-eng-wsx-kb3606fv,hwrc-trans-02,1,,1,0,https://www.westsussex.gov.uk/land-waste-and-housing/waste-and-recycling/recycling-and-waste-prevention/recycling-centres/book-to-recycle-trial-booking-system/,,,,3.5 t,,15/10/2021
,hwrc-eng-wsx-kb3606fv,hwrc-trans-03,1,,1,0,https://www.westsussex.gov.uk/land-waste-and-housing/waste-and-recycling/recycling-and-waste-prevention/recycling-centres/book-to-recycle-trial-booking-system/,,1.8 m,,,"hwrc-trans-01, hwrc-trans-02",15/10/2021
,hwrc-eng-wsx-kb3606fv,hwrc-trans-04,1,,1,0,https://www.westsussex.gov.uk/land-waste-and-housing/waste-and-recycling/recycling-and-waste-prevention/recycling-centres/book-to-recycle-trial-booking-system/,,,,3.5 t,"hwrc-trans-01, hwrc-trans-02",15/10/2021
,hwrc-eng-wsx-kb3606fv,hwrc-trans-05,0,,,,,,,,,,15/10/2021
,hwrc-eng-wsx-kb3606ky,hwrc-trans-01,1,,0,1,https://www.westsussex.gov.uk/land-waste-and-housing/waste-and-recycling/recycling-and-waste-prevention/recycling-centres/book-to-recycle-trial-booking-system/,2.0 m,,,,,15/10/2021
,hwrc-eng-wsx-kb3606ky,hwrc-trans-02,1,,1,1,https://www.westsussex.gov.uk/land-waste-and-housing/waste-and-recycling/recycling-and-waste-prevention/recycling-centres/book-to-recycle-trial-booking-system/,,,,3.5 t,,15/10/2021
,hwrc-eng-wsx-kb3606ky,hwrc-trans-03,1,,1,1,https://www.westsussex.gov.uk/land-waste-and-housing/waste-and-recycling/recycling-and-waste-prevention/recycling-centres/book-to-recycle-trial-booking-system/,,1.8 m,,,"hwrc-trans-01, hwrc-trans-02",15/10/2021
,hwrc-eng-wsx-kb3606ky,hwrc-trans-04,1,,1,1,https://www.westsussex.gov.uk/land-waste-and-housing/waste-and-recycling/recycling-and-waste-prevention/recycling-centres/book-to-recycle-trial-booking-system/,,,,3.5 t,"hwrc-trans-01, hwrc-trans-02",15/10/2021
,hwrc-eng-wsx-kb3606ky,hwrc-trans-05,0,,,,,,,,,,15/10/2021
,hwrc-eng-wsx-kb3605xk,hwrc-trans-01,1,,0,0,https://www.westsussex.gov.uk/land-waste-and-housing/waste-and-recycling/recycling-and-waste-prevention/recycling-centres/book-to-recycle-trial-booking-system/,2.0 m,,,,,15/10/2021
,hwrc-eng-wsx-kb3605xk,hwrc-trans-02,0,,,,,,,,,,15/10/2021
,hwrc-eng-wsx-kb3605xk,hwrc-trans-03,1,,1,0,https://www.westsussex.gov.uk/land-waste-and-housing/waste-and-recycling/recycling-and-waste-prevention/recycling-centres/book-to-recycle-trial-booking-system/,,1.8 m,,,hwrc-trans-01,15/10/2021
,hwrc-eng-wsx-kb3605xk,hwrc-trans-04,1,,1,0,https://www.westsussex.gov.uk/land-waste-and-housing/waste-and-recycling/recycling-and-waste-prevention/recycling-centres/book-to-recycle-trial-booking-system/,,,,3.5 t,hwrc-trans-01,15/10/2021
,hwrc-eng-wsx-kb3605xk,hwrc-trans-05,0,,,,,,,,,,15/10/2021
,hwrc-eng-wsx-kb3606lj,hwrc-trans-01,1,,0,1,https://www.westsussex.gov.uk/land-waste-and-housing/waste-and-recycling/recycling-and-waste-prevention/recycling-centres/book-to-recycle-trial-booking-system/,2.0 m,,,,,15/10/2021
,hwrc-eng-wsx-kb3606lj,hwrc-trans-02,0,,,,,,,,,,15/10/2021
,hwrc-eng-wsx-kb3606lj,hwrc-trans-03,1,,1,1,https://www.westsussex.gov.uk/land-waste-and-housing/waste-and-recycling/recycling-and-waste-prevention/recycling-centres/book-to-recycle-trial-booking-system/,,1.8 m,,,hwrc-trans-01,15/10/2021
,hwrc-eng-wsx-kb3606lj,hwrc-trans-04,1,,1,1,https://www.westsussex.gov.uk/land-waste-and-housing/waste-and-recycling/recycling-and-waste-prevention/recycling-centres/book-to-recycle-trial-booking-system/,,,,3.5 t,hwrc-trans-01,15/10/2021
,hwrc-eng-wsx-kb3606lj,hwrc-trans-05,0,,,,,,,,,,15/10/2021
,hwrc-eng-wsx-kb3606mq,hwrc-trans-01,1,,0,1,https://www.westsussex.gov.uk/land-waste-and-housing/waste-and-recycling/recycling-and-waste-prevention/recycling-centres/book-to-recycle-trial-booking-system/,2.0 m,,,,,15/10/2021
,hwrc-eng-wsx-kb3606mq,hwrc-trans-02,0,,,,,,,,,,15/10/2021
,hwrc-eng-wsx-kb3606mq,hwrc-trans-03,1,,1,1,https://www.westsussex.gov.uk/land-waste-and-housing/waste-and-recycling/recycling-and-waste-prevention/recycling-centres/book-to-recycle-trial-booking-system/,,1.8 m,,,hwrc-trans-01,15/10/2021
,hwrc-eng-wsx-kb3606mq,hwrc-trans-04,1,,1,1,https://www.westsussex.gov.uk/land-waste-and-housing/waste-and-recycling/recycling-and-waste-prevention/recycling-centres/book-to-recycle-trial-booking-system/,,,,3.5 t,hwrc-trans-01,15/10/2021
,hwrc-eng-wsx-kb3606mq,hwrc-trans-05,1,,,,,,,,,,15/10/2021
,hwrc-eng-wsx-kb3606su,hwrc-trans-01,1,,0,0,https://www.westsussex.gov.uk/land-waste-and-housing/waste-and-recycling/recycling-and-waste-prevention/recycling-centres/book-to-recycle-trial-booking-system/,2.0 m,,,,,15/10/2021
,hwrc-eng-wsx-kb3606su,hwrc-trans-02,0,,,,,,,,,,15/10/2021
,hwrc-eng-wsx-kb3606su,hwrc-trans-03,1,,1,0,https://www.westsussex.gov.uk/land-waste-and-housing/waste-and-recycling/recycling-and-waste-prevention/recycling-centres/book-to-recycle-trial-booking-system/,,1.8 m,,,hwrc-trans-01,15/10/2021
,hwrc-eng-wsx-kb3606su,hwrc-trans-04,1,,1,0,https://www.westsussex.gov.uk/land-waste-and-housing/waste-and-recycling/recycling-and-waste-prevention/recycling-centres/book-to-recycle-trial-booking-system/,,,,3.5 t,hwrc-trans-01,15/10/2021
,hwrc-eng-wsx-kb3606su,hwrc-trans-05,1,,,,,,,,,,15/10/2021
,hwrc-eng-wsx-kb3606tx,hwrc-trans-01,1,,0,1,https://www.westsussex.gov.uk/land-waste-and-housing/waste-and-recycling/recycling-and-waste-prevention/recycling-centres/book-to-recycle-trial-booking-system/,2.0 m,,,,,15/10/2021
,hwrc-eng-wsx-kb3606tx,hwrc-trans-02,0,,,,,,,,,,15/10/2021
,hwrc-eng-wsx-kb3606tx,hwrc-trans-03,1,,1,1,https://www.westsussex.gov.uk/land-waste-and-housing/waste-and-recycling/recycling-and-waste-prevention/recycling-centres/book-to-recycle-trial-booking-system/,,1.8 m,,,hwrc-trans-01,15/10/2021
,hwrc-eng-wsx-kb3606tx,hwrc-trans-04,1,,1,1,https://www.westsussex.gov.uk/land-waste-and-housing/waste-and-recycling/recycling-and-waste-prevention/recycling-centres/book-to-recycle-trial-booking-system/,,,,3.5 t,hwrc-trans-01,15/10/2021
,hwrc-eng-wsx-kb3606tx,hwrc-trans-05,1,,,,,,,,,,15/10/2021
,hwrc-eng-wsx-kb3606ug,hwrc-trans-01,1,,0,1,https://www.westsussex.gov.uk/land-waste-and-housing/waste-and-recycling/recycling-and-waste-prevention/recycling-centres/book-to-recycle-trial-booking-system/,2.0 m,,,,,15/10/2021
,hwrc-eng-wsx-kb3606ug,hwrc-trans-02,1,,1,1,https://www.westsussex.gov.uk/land-waste-and-housing/waste-and-recycling/recycling-and-waste-prevention/recycling-centres/book-to-recycle-trial-booking-system/,,,,,,15/10/2021
,hwrc-eng-wsx-kb3606ug,hwrc-trans-03,1,,1,1,https://www.westsussex.gov.uk/land-waste-and-housing/waste-and-recycling/recycling-and-waste-prevention/recycling-centres/book-to-recycle-trial-booking-system/,,1.8 m,,,hwrc-trans-01,15/10/2021
,hwrc-eng-wsx-kb3606ug,hwrc-trans-04,1,,1,1,https://www.westsussex.gov.uk/land-waste-and-housing/waste-and-recycling/recycling-and-waste-prevention/recycling-centres/book-to-recycle-trial-booking-system/,,,,3.5 t,hwrc-trans-01,15/10/2021
,hwrc-eng-wsx-kb3606ug,hwrc-trans-05,1,,,,,,,,,,15/10/2021
,hwrc-eng-sry-vp3893ez,hwrc-trans-01,1,,0,0,,2.0 m,,,,,15/10/2021
,hwrc-eng-sry-vp3893ez,hwrc-trans-02,,,,,,,,,,,15/10/2021
,hwrc-eng-sry-vp3893ez,hwrc-trans-03,0,,,,,,,,,,15/10/2021
,hwrc-eng-sry-vp3893ez,hwrc-trans-04,0,,,,,,,,,,15/10/2021
,hwrc-eng-sry-vp3893ez,hwrc-trans-05,0,,,,,,,,,,15/10/2021
,hwrc-eng-sry-vp3293eb,hwrc-trans-01,1,,0,,,2.0 m,,,,,15/10/2021
,hwrc-eng-sry-vp3293eb,hwrc-trans-02,1,,1,,,,,,,,15/10/2021
,hwrc-eng-sry-vp3293eb,hwrc-trans-03,1,,1,,,,1.8 m,,,,15/10/2021
,hwrc-eng-sry-vp3293eb,hwrc-trans-04,1,,1,,,,,,,,15/10/2021
,hwrc-eng-sry-vp3293eb,hwrc-trans-05,,,,,,,,,,,15/10/2021
,hwrc-eng-sry-sp3690ep,hwrc-trans-01,1,,0,,,2.0 m,,,,,15/10/2021
,hwrc-eng-sry-sp3690ep,hwrc-trans-02,0,,,,,,,,,,15/10/2021
,hwrc-eng-sry-sp3690ep,hwrc-trans-03,0,,,,,,,,,,15/10/2021
,hwrc-eng-sry-sp3690ep,hwrc-trans-04,0,,,,,,,,,,15/10/2021
,hwrc-eng-sry-sp3690ep,hwrc-trans-05,1,"Mo,Tu,We,Fr 16:00-17:00",,,,,,,,,15/10/2021
,hwrc-eng-sry-zp3390eb,hwrc-trans-01,1,,0,,,2.0 m,,,,,15/10/2021
,hwrc-eng-sry-zp3390eb,hwrc-trans-02,0,,,,,,,,,,15/10/2021
,hwrc-eng-sry-zp3390eb,hwrc-trans-03,0,,,,,,,,,,15/10/2021
,hwrc-eng-sry-zp3390eb,hwrc-trans-04,0,,,,,,,,,,15/10/2021
,hwrc-eng-sry-zp3390eb,hwrc-trans-05,0,,,,,,,,,,15/10/2021
,hwrc-eng-sry-zp3590eu,hwrc-trans-01,1,,0,,,2.0 m,,,,,15/10/2021
,hwrc-eng-sry-zp3590eu,hwrc-trans-02,0,,,,,,,,,,15/10/2021
,hwrc-eng-sry-zp3590eu,hwrc-trans-03,0,,,,,,,,,,15/10/2021
,hwrc-eng-sry-zp3590eu,hwrc-trans-04,0,,,,,,,,,,15/10/2021
,hwrc-eng-sry-zp3590eu,hwrc-trans-05,0,,,,,,,,,,15/10/2021
,hwrc-eng-sry-pp3290ez,hwrc-trans-01,1,,0,,,2.0 m,,,,,15/10/2021
,hwrc-eng-sry-pp3290ez,hwrc-trans-02,1,,1,,,,,,,,15/10/2021
,hwrc-eng-sry-pp3290ez,hwrc-trans-03,1,,1,,,,1.8 m,,,,15/10/2021
,hwrc-eng-sry-pp3290ez,hwrc-trans-04,1,,1,,,,,,,,15/10/2021
,hwrc-eng-sry-pp3290ez,hwrc-trans-05,0,,,,,,,,,,15/10/2021
,hwrc-eng-sry-jp3494ew,hwrc-trans-01,1,,0,,,2.0 m,,,,,15/10/2021
,hwrc-eng-sry-jp3494ew,hwrc-trans-02,1,,1,,,,,,,,15/10/2021
,hwrc-eng-sry-jp3494ew,hwrc-trans-03,1,,1,,,,1.8 m,,,,15/10/2021
,hwrc-eng-sry-jp3494ew,hwrc-trans-04,1,,1,,,,,,,,15/10/2021
,hwrc-eng-sry-jp3494ew,hwrc-trans-05,0,,,,,,,,,,15/10/2021
,hwrc-eng-sry-zp3090er,hwrc-trans-01,1,,0,,,2.0 m,,,,,29/10/2021
,hwrc-eng-sry-zp3090er,hwrc-trans-02,0,,,,,,,,,,29/10/2021
,hwrc-eng-sry-zp3090er,hwrc-trans-03,0,,,,,,,,,,29/10/2021
,hwrc-eng-sry-zp3090er,hwrc-trans-04,0,,,,,,,,,,29/10/2021
,hwrc-eng-sry-zp3090er,hwrc-trans-05,0,,,,,,,,,,29/10/2021
,hwrc-eng-sry-tp3693eg,hwrc-trans-01,1,,0,,,2.0 m,,,,,29/10/2021
,hwrc-eng-sry-tp3693eg,hwrc-trans-02,1,,1,,,,,,,,29/10/2021
,hwrc-eng-sry-tp3693eg,hwrc-trans-03,1,,1,,,,1.8 m,,,,29/10/2021
,hwrc-eng-sry-tp3693eg,hwrc-trans-04,1,,1,,,,,,,,29/10/2021
,hwrc-eng-sry-tp3693eg,hwrc-trans-05,0,,,,,,,,,,29/10/2021
,hwrc-eng-sry-qp3793ex,hwrc-trans-01,1,,0,,,2.0 m,,,,,29/10/2021
,hwrc-eng-sry-qp3793ex,hwrc-trans-02,1,,1,,,,,,,,29/10/2021
,hwrc-eng-sry-qp3793ex,hwrc-trans-03,1,,1,,,,1.8 m,,,,29/10/2021
,hwrc-eng-sry-qp3793ex,hwrc-trans-04,1,,1,,,,,,,,29/10/2021
,hwrc-eng-sry-qp3793ex,hwrc-trans-05,0,,,,,,,,,,29/10/2021
,hwrc-eng-sry-fp3293et,hwrc-trans-01,1,,0,,,2.0 m,,,,,29/10/2021
,hwrc-eng-sry-fp3293et,hwrc-trans-02,1,,1,,,,,,,,29/10/2021
,hwrc-eng-sry-fp3293et,hwrc-trans-03,1,,1,,,,1.8 m,,,,29/10/2021
,hwrc-eng-sry-fp3293et,hwrc-trans-04,1,,1,,,,,,,,29/10/2021
,hwrc-eng-sry-fp3293et,hwrc-trans-05,0,,,,,,,,,,29/10/2021
,hwrc-eng-sry-vp3997nk,hwrc-trans-01,1,,0,,,2.0 m,,,,,29/10/2021
,hwrc-eng-sry-vp3997nk,hwrc-trans-02,1,,1,,,,,,,,29/10/2021
,hwrc-eng-sry-vp3997nk,hwrc-trans-03,1,,1,,,,1.8 m,,,,29/10/2021
,hwrc-eng-sry-vp3997nk,hwrc-trans-04,1,,1,,,,,,,,29/10/2021
,hwrc-eng-sry-vp3997nk,hwrc-trans-05,0,,,,,,,,,,29/10/2021
,hwrc-eng-sry-sp3490ed,,1,,0,,,2.0 m,,,,,29/10/2021
,hwrc-eng-sry-sp3490ed,,0,,,,,,,,,,29/10/2021
,hwrc-eng-sry-sp3490ed,,0,,,,,,,,,,29/10/2021
,hwrc-eng-sry-sp3490ed,,0,,,,,,,,,,29/10/2021
,hwrc-eng-sry-sp3490ed,,1,Th-Fr 16:00-17:00,,,,,,,,,29/10/2021
,hwrc-eng-sry-zp3990ez,hwrc-trans-01,1,,0,,,2.0 m,,,,,29/10/2021
,hwrc-eng-sry-zp3990ez,hwrc-trans-02,1,,1,,,,,,,,29/10/2021
,hwrc-eng-sry-zp3990ez,hwrc-trans-03,1,,1,,,,1.8 m,,,,29/10/2021
,hwrc-eng-sry-zp3990ez,hwrc-trans-04,1,,1,,,,,,,,29/10/2021
,hwrc-eng-sry-zp3990ez,hwrc-trans-05,0,,,,,,,,,,29/10/2021
,hwrc-eng-sry-rp3893et,hwrc-trans-01,1,,0,,,2.0 m,,,,,29/10/2021
,hwrc-eng-sry-rp3893et,hwrc-trans-02,1,,1,,,,,,,,29/10/2021
,hwrc-eng-sry-rp3893et,hwrc-trans-03,1,,1,,,,1.8 m,,,,29/10/2021
,hwrc-eng-sry-rp3893et,hwrc-trans-04,1,,1,,,,,,,,29/10/2021
,hwrc-eng-sry-rp3893et,hwrc-trans-05,1,,,,,,,,,,29/10/2021
,,,,,,,,,,,,,
,,,,,,,,,,,,,
,,,,,,,,,,,,,
,,,,,,,,,,,,,
,,,,,,,,,,,,,
,,,,,,,,,,,,,
,,,,,,,,,,,,,
,,,,,,,,,,,,,
,,,,,,,,,,,,,
,,,,,,,,,,,,,
,,,,,,,,,,,,,
,,,,,,,,,,,,,
,,,,,,,,,,,,,
,,,,,,,,,,,,,
,,,,,,,,,,,,,
,,,,,,,,,,,,,
,,,,,,,,,,,,,
,,,,,,,,,,,,,
,,,,,,,,,,,,,
,,,,,,,,,,,,,
,,,,,,,,,,,,,
,,,,,,,,,,,,,
,,,,,,,,,,,,,
,,,,,,,,,,,,,
,,,,,,,,,,,,,
,,,,,,,,,,,,,
,,,,,,,,,,,,,
,,,,,,,,,,,,,
,,,,,,,,,,,,,
,,,,,,,,,,,,,
,hwrc-sct-abd-wmln0020214,hwrc-trans-01,1,,,1,https://recycling.aberdeenshire.gov.uk/renderform?t=1&k=AFD1F6129D63B5064E7626131C90708892A1A8D7,2.0 m,,,,,24/09/2021
,hwrc-sct-abd-wmln0020214,hwrc-trans-02,1,,,1,https://recycling.aberdeenshire.gov.uk/renderform?t=1&k=AFD1F6129D63B5064E7626131C90708892A1A8D7,,,,3.5 t,,24/09/2021
,hwrc-sct-abd-wmln0020214,hwrc-trans-03,1,,,1,https://recycling.aberdeenshire.gov.uk/renderform?t=1&k=AFD1F6129D63B5064E7626131C90708892A1A8D7,,1.8 m,,,,11/10/2021
,hwrc-sct-abd-wmln0020214,hwrc-trans-04,1,,,1,https://recycling.aberdeenshire.gov.uk/renderform?t=1&k=AFD1F6129D63B5064E7626131C90708892A1A8D7,,3.0 m,,,,11/10/2021
,hwrc-sct-abd-wmln0020214,hwrc-trans-05,1,"Mo,Fr, Sa, Su 12:00-12:30",,,,,,,,,24/09/2021
,hwrc-sct-abd-wmll1018935,hwrc-trans-01,1,,,1,https://recycling.aberdeenshire.gov.uk/renderform?t=1&k=AFD1F6129D63B5064E7626131C90708892A1A8D7,2.0 m,,,,,24/09/2021
,hwrc-sct-abd-wmll1018935,hwrc-trans-02,1,,,1,https://recycling.aberdeenshire.gov.uk/renderform?t=1&k=AFD1F6129D63B5064E7626131C90708892A1A8D7,,,,3.5 t,,24/09/2021
,hwrc-sct-abd-wmll1018935,hwrc-trans-03,1,,,1,https://recycling.aberdeenshire.gov.uk/renderform?t=1&k=AFD1F6129D63B5064E7626131C90708892A1A8D7,,1.8 m,,,,11/10/2021
,hwrc-sct-abd-wmll1018935,hwrc-trans-04,1,,,1,https://recycling.aberdeenshire.gov.uk/renderform?t=1&k=AFD1F6129D63B5064E7626131C90708892A1A8D7,,3.0 m,,,,11/10/2021
,hwrc-sct-abd-wmll1018935,hwrc-trans-05,0,,,,,,,,,,24/09/2021
,hwrc-sct-abd-wmll1155721,hwrc-trans-01,1,,,1,https://recycling.aberdeenshire.gov.uk/renderform?t=1&k=AFD1F6129D63B5064E7626131C90708892A1A8D7,2.0 m ,,,,,24/09/2021
,hwrc-sct-abd-wmll1155721,hwrc-trans-02,1,,,1,https://recycling.aberdeenshire.gov.uk/renderform?t=1&k=AFD1F6129D63B5064E7626131C90708892A1A8D7,,,,3.5 t,,24/09/2021
,hwrc-sct-abd-wmll1155721,hwrc-trans-03,1,,,1,https://recycling.aberdeenshire.gov.uk/renderform?t=1&k=AFD1F6129D63B5064E7626131C90708892A1A8D7,,1.8 m,,,,11/10/2021
,hwrc-sct-abd-wmll1155721,hwrc-trans-04,1,,,1,https://recycling.aberdeenshire.gov.uk/renderform?t=1&k=AFD1F6129D63B5064E7626131C90708892A1A8D7,,3.0 m,,,,11/10/2021
,hwrc-sct-abd-wmll1155721,hwrc-trans-05,0,,,,,,,,,,24/09/2021
,hwrc-sct-abd-wmll1155721,hwrc-trans-01,1,,,1,https://recycling.aberdeenshire.gov.uk/renderform?t=1&k=AFD1F6129D63B5064E7626131C90708892A1A8D7,2.0 m,,,,,24/09/2021
,hwrc-sct-abd-wmll1155721,hwrc-trans-02,1,,,1,https://recycling.aberdeenshire.gov.uk/renderform?t=1&k=AFD1F6129D63B5064E7626131C90708892A1A8D7,,,,3.5 t,,24/09/2021
,hwrc-sct-abd-wmll1155721,hwrc-trans-03,1,,,1,https://recycling.aberdeenshire.gov.uk/renderform?t=1&k=AFD1F6129D63B5064E7626131C90708892A1A8D7,,1.8 m,,,,11/10/2021
,hwrc-sct-abd-wmll1155721,hwrc-trans-04,1,,,1,https://recycling.aberdeenshire.gov.uk/renderform?t=1&k=AFD1F6129D63B5064E7626131C90708892A1A8D7,,3.0 m,,,,11/10/2021
,hwrc-sct-abd-wmll1155721,hwrc-trans-05,1,Mo-Su 12:00-12:30,,,,,,,,,24/09/2021
,hwrc-sct-abd-wmln0020025,hwrc-trans-01,1,,,1,https://recycling.aberdeenshire.gov.uk/renderform?t=1&k=AFD1F6129D63B5064E7626131C90708892A1A8D7,2.0 m,,,,,24/09/2021
,hwrc-sct-abd-wmln0020025,hwrc-trans-02,1,,,1,https://recycling.aberdeenshire.gov.uk/renderform?t=1&k=AFD1F6129D63B5064E7626131C90708892A1A8D7,,,,3.5 t,,24/09/2021
,hwrc-sct-abd-wmln0020025,hwrc-trans-03,1,,,1,https://recycling.aberdeenshire.gov.uk/renderform?t=1&k=AFD1F6129D63B5064E7626131C90708892A1A8D7,,1.8 m,,,,11/10/2021
,hwrc-sct-abd-wmln0020025,hwrc-trans-04,1,,,1,https://recycling.aberdeenshire.gov.uk/renderform?t=1&k=AFD1F6129D63B5064E7626131C90708892A1A8D7,,3.0 m,,,,11/10/2021
,hwrc-sct-abd-wmln0020025,hwrc-trans-05,1,Mo-Su 12:00-12:30,,,,,,,,,24/09/2021
,hwrc-sct-abd-wmln0020029,hwrc-trans-01,1,,,1,https://recycling.aberdeenshire.gov.uk/renderform?t=1&k=AFD1F6129D63B5064E7626131C90708892A1A8D7,2.0 m,,,,,24/09/2021
,hwrc-sct-abd-wmln0020029,hwrc-trans-02,1,,,1,https://recycling.aberdeenshire.gov.uk/renderform?t=1&k=AFD1F6129D63B5064E7626131C90708892A1A8D7,,,,3.5 t,,24/09/2021
,hwrc-sct-abd-wmln0020029,hwrc-trans-03,1,,,1,https://recycling.aberdeenshire.gov.uk/renderform?t=1&k=AFD1F6129D63B5064E7626131C90708892A1A8D7,,1.8 m,,,,11/10/2021
,hwrc-sct-abd-wmln0020029,hwrc-trans-04,1,,,1,https://recycling.aberdeenshire.gov.uk/renderform?t=1&k=AFD1F6129D63B5064E7626131C90708892A1A8D7,,3.0 m,,,,11/10/2021
,hwrc-sct-abd-wmln0020029,hwrc-trans-05,1,"Tu, Sa 12:00-12:30",,,,,,,,,24/09/2021
,hwrc-sct-abd-wmln0020027,hwrc-trans-01,1,,,1,https://recycling.aberdeenshire.gov.uk/renderform?t=1&k=AFD1F6129D63B5064E7626131C90708892A1A8D7,2.0 m,,,,,30/09/2021
,hwrc-sct-abd-wmln0020027,hwrc-trans-02,1,,,1,https://recycling.aberdeenshire.gov.uk/renderform?t=1&k=AFD1F6129D63B5064E7626131C90708892A1A8D7,,,,3.5 t,,30/09/2021
,hwrc-sct-abd-wmln0020027,hwrc-trans-03,1,,,1,https://recycling.aberdeenshire.gov.uk/renderform?t=1&k=AFD1F6129D63B5064E7626131C90708892A1A8D7,,1.8 m,,,,11/10/2021
,hwrc-sct-abd-wmln0020027,hwrc-trans-04,1,,,1,https://recycling.aberdeenshire.gov.uk/renderform?t=1&k=AFD1F6129D63B5064E7626131C90708892A1A8D7,,3.0 m,,,,11/10/2021
,hwrc-sct-abd-wmln0020027,hwrc-trans-05,0,,,,,,,,,,30/09/2021
,hwrc-sct-abd-wmle0220219,hwrc-trans-01,1,,,1,https://recycling.aberdeenshire.gov.uk/renderform?t=1&k=AFD1F6129D63B5064E7626131C90708892A1A8D7,2.0 m,,,,,30/09/2021
,hwrc-sct-abd-wmle0220219,hwrc-trans-02,1,,,1,https://recycling.aberdeenshire.gov.uk/renderform?t=1&k=AFD1F6129D63B5064E7626131C90708892A1A8D7,,,,3.5 t,,30/09/2021
,hwrc-sct-abd-wmle0220219,hwrc-trans-03,1,,,1,https://recycling.aberdeenshire.gov.uk/renderform?t=1&k=AFD1F6129D63B5064E7626131C90708892A1A8D7,,1.8 m,,,,11/10/2021
,hwrc-sct-abd-wmle0220219,hwrc-trans-04,1,,,1,https://recycling.aberdeenshire.gov.uk/renderform?t=1&k=AFD1F6129D63B5064E7626131C90708892A1A8D7,,3.0 m,,,,11/10/2021
,hwrc-sct-abd-wmle0220219,hwrc-trans-05,1,Mo-Su 12:00-12:30,,,,,,,,,30/09/2021
,hwrc-sct-abd-wmll1169623,hwrc-trans-01,1,,,1,https://recycling.aberdeenshire.gov.uk/renderform?t=1&k=AFD1F6129D63B5064E7626131C90708892A1A8D7,2.0 m,,,,,30/09/2021
,hwrc-sct-abd-wmll1169623,hwrc-trans-02,1,,,1,https://recycling.aberdeenshire.gov.uk/renderform?t=1&k=AFD1F6129D63B5064E7626131C90708892A1A8D7,,,,3.5 t,,30/09/2021
,hwrc-sct-abd-wmll1169623,hwrc-trans-03,1,,,1,https://recycling.aberdeenshire.gov.uk/renderform?t=1&k=AFD1F6129D63B5064E7626131C90708892A1A8D7,,1.8 m,,,,11/10/2021
,hwrc-sct-abd-wmll1169623,hwrc-trans-04,1,,,1,https://recycling.aberdeenshire.gov.uk/renderform?t=1&k=AFD1F6129D63B5064E7626131C90708892A1A8D7,,3.0 m,,,,11/10/2021
,hwrc-sct-abd-wmll1169623,hwrc-trans-05,0,,,,,,,,,,30/09/2021
,hwrc-sct-abd-wmln0020034,hwrc-trans-01,1,,,1,https://recycling.aberdeenshire.gov.uk/renderform?t=1&k=AFD1F6129D63B5064E7626131C90708892A1A8D7,2.0 m,,,,,30/09/2021
,hwrc-sct-abd-wmln0020034,hwrc-trans-02,1,,,1,https://recycling.aberdeenshire.gov.uk/renderform?t=1&k=AFD1F6129D63B5064E7626131C90708892A1A8D7,,,,3.5 t,,30/09/2021
,hwrc-sct-abd-wmln0020034,hwrc-trans-03,1,,,1,https://recycling.aberdeenshire.gov.uk/renderform?t=1&k=AFD1F6129D63B5064E7626131C90708892A1A8D7,,1.8 m,,,,11/10/2021
,hwrc-sct-abd-wmln0020034,hwrc-trans-04,1,,,1,https://recycling.aberdeenshire.gov.uk/renderform?t=1&k=AFD1F6129D63B5064E7626131C90708892A1A8D7,,3.0 m,,,,11/10/2021
,hwrc-sct-abd-wmln0020034,hwrc-trans-05,0,,,,,,,,,,30/09/2021
,hwrc-sct-abd-wmll1148211,hwrc-trans-01,1,,,1,https://recycling.aberdeenshire.gov.uk/renderform?t=1&k=AFD1F6129D63B5064E7626131C90708892A1A8D7,2.0 m,,,,,30/09/2021
,hwrc-sct-abd-wmll1148211,hwrc-trans-02,1,,,1,https://recycling.aberdeenshire.gov.uk/renderform?t=1&k=AFD1F6129D63B5064E7626131C90708892A1A8D7,,,,3.5 t,,30/09/2021
,hwrc-sct-abd-wmll1148211,hwrc-trans-03,1,,,1,https://recycling.aberdeenshire.gov.uk/renderform?t=1&k=AFD1F6129D63B5064E7626131C90708892A1A8D7,,1.8 m,,,,11/10/2021
,hwrc-sct-abd-wmll1148211,hwrc-trans-04,1,,,1,https://recycling.aberdeenshire.gov.uk/renderform?t=1&k=AFD1F6129D63B5064E7626131C90708892A1A8D7,,3.0 m,,,,11/10/2021
,hwrc-sct-abd-wmll1148211,hwrc-trans-05,0,,,,,,,,,,30/09/2021
,hwrc-sct-abd-wmln0020038,hwrc-trans-01,1,,,1,https://recycling.aberdeenshire.gov.uk/renderform?t=1&k=AFD1F6129D63B5064E7626131C90708892A1A8D7,2.0 m,,,,,30/09/2021
,hwrc-sct-abd-wmln0020038,hwrc-trans-02,1,,,1,https://recycling.aberdeenshire.gov.uk/renderform?t=1&k=AFD1F6129D63B5064E7626131C90708892A1A8D7,,,,3.5 t,,30/09/2021
,hwrc-sct-abd-wmln0020038,hwrc-trans-03,1,,,1,https://recycling.aberdeenshire.gov.uk/renderform?t=1&k=AFD1F6129D63B5064E7626131C90708892A1A8D7,,1.8 m,,,,11/10/2021
,hwrc-sct-abd-wmln0020038,hwrc-trans-04,1,,,1,https://recycling.aberdeenshire.gov.uk/renderform?t=1&k=AFD1F6129D63B5064E7626131C90708892A1A8D7,,3.0 m,,,,11/10/2021
,hwrc-sct-abd-wmln0020038,hwrc-trans-05,1,"Tu, Sa 12:00-12:30",,,,,,,,,30/09/2021
,hwrc-sct-abd-wmln0220298,hwrc-trans-01,1,,,1,https://recycling.aberdeenshire.gov.uk/renderform?t=1&k=AFD1F6129D63B5064E7626131C90708892A1A8D7,2.0 m,,,,,30/09/2021
,hwrc-sct-abd-wmln0220298,hwrc-trans-02,1,,,1,https://recycling.aberdeenshire.gov.uk/renderform?t=1&k=AFD1F6129D63B5064E7626131C90708892A1A8D7,,,,3.5 t,,30/09/2021
,hwrc-sct-abd-wmln0220298,hwrc-trans-03,1,,,1,https://recycling.aberdeenshire.gov.uk/renderform?t=1&k=AFD1F6129D63B5064E7626131C90708892A1A8D7,,1.8 m,,,,11/10/2021
,hwrc-sct-abd-wmln0220298,hwrc-trans-04,1,,,1,https://recycling.aberdeenshire.gov.uk/renderform?t=1&k=AFD1F6129D63B5064E7626131C90708892A1A8D7,,3.0 m,,,,11/10/2021
,hwrc-sct-abd-wmln0220298,hwrc-trans-05,0,,,,,,,,,,30/09/2021
,hwrc-sct-abd-wmln0020035,hwrc-trans-01,1,,,1,https://recycling.aberdeenshire.gov.uk/renderform?t=1&k=AFD1F6129D63B5064E7626131C90708892A1A8D7,2.0 m,,,,,30/09/2021
,hwrc-sct-abd-wmln0020035,hwrc-trans-02,1,,,1,https://recycling.aberdeenshire.gov.uk/renderform?t=1&k=AFD1F6129D63B5064E7626131C90708892A1A8D7,,,,3.5 t,,30/09/2021
,hwrc-sct-abd-wmln0020035,hwrc-trans-03,1,,,1,https://recycling.aberdeenshire.gov.uk/renderform?t=1&k=AFD1F6129D63B5064E7626131C90708892A1A8D7,,1.8 m,,,,11/10/2021
,hwrc-sct-abd-wmln0020035,hwrc-trans-04,1,,,1,https://recycling.aberdeenshire.gov.uk/renderform?t=1&k=AFD1F6129D63B5064E7626131C90708892A1A8D7,,3.0 m,,,,11/10/2021
,hwrc-sct-abd-wmln0020035,hwrc-trans-05,1,Mo-Su 12:00-12:30,,,,,,,,,30/09/2021
,hwrc-sct-abd-wmln0020212,hwrc-trans-01,1,,,1,https://recycling.aberdeenshire.gov.uk/renderform?t=1&k=AFD1F6129D63B5064E7626131C90708892A1A8D7,2.0 m,,,,,30/09/2021
,hwrc-sct-abd-wmln0020212,hwrc-trans-02,1,,,1,https://recycling.aberdeenshire.gov.uk/renderform?t=1&k=AFD1F6129D63B5064E7626131C90708892A1A8D7,,,,3.5 t,,30/09/2021
,hwrc-sct-abd-wmln0020212,hwrc-trans-03,1,,,1,https://recycling.aberdeenshire.gov.uk/renderform?t=1&k=AFD1F6129D63B5064E7626131C90708892A1A8D7,,1.8 m,,,,11/10/2021
,hwrc-sct-abd-wmln0020212,hwrc-trans-04,1,,,1,https://recycling.aberdeenshire.gov.uk/renderform?t=1&k=AFD1F6129D63B5064E7626131C90708892A1A8D7,,3.0 m,,,,11/10/2021
,hwrc-sct-abd-wmln0020212,hwrc-trans-05,1,Mo-Su 12:00-12:30,,,,,,,,,30/09/2021
